venue,section,item,size,price
Alma Avalon,Cocktails · Mexican classics,Classic Margarita,,23
Alma Avalon,Cocktails · Mexican classics,Tommy's Margarita,,23
Alma Avalon,Cocktails · Mexican classics,Jalapeño Margarita,,23
Alma Avalon,Cocktails · Mexican classics,Watermelon Margarita,,23
Alma Avalon,Cocktails · Mexican classics,Coconut Margarita,,23
Alma Avalon,Cocktails · Mexican classics,Paloma,,23
Alma Avalon,Cocktails · Mexican classics,Mezcal Tommy's,,24
Alma Avalon,Cocktails · Mexican classics,Mezcalita,,24
Alma Avalon,Cocktails · Seasonal,"Beach, Please",,23
Alma Avalon,Cocktails · Seasonal,Zest I Ever Had,,23
Alma Avalon,Cocktails · Seasonal,Ginger Spice,,23
Alma Avalon,Cocktails · Classic,Classic Daiquiri,,23
Alma Avalon,Cocktails · Classic,Espresso Martini,,23
Alma Avalon,Cocktails · Classic,Negroni,,25
Alma Avalon,Low & no,Aperol(ish) Spritz,,21
Alma Avalon,Low & no,Mirasol,,21
Alma Avalon,Low & no,Sensible Margarita,,19
Alma Avalon,Low & no,Watermelon Spritz,,19
Alma Avalon,Beer & cider,Corona 4.5%,,12
Alma Avalon,Beer & cider,Modelo Especial 4.4%,,15
Alma Avalon,Beer & cider,Balter Cerveza 4.0%,,12
Alma Avalon,Beer & cider,Balter XPA 5.0%,,12
Alma Avalon,Beer & cider,Stone & Wood Pacific Ale 4.4%,,13
Alma Avalon,Beer & cider,Batlow Cloudy Apple Cider 4.2%,,12
Alma Avalon,Beer & cider,Heaps Normal Quiet XPA <0.5%,,10
Alma Avalon,Beer & cider,Heaps Normal Another Lager <0.5%,,10
Alma Avalon,Tasting flights,Discover El Tequileño 1959,4 x 15 mL,46
Alma Avalon,Tasting flights,"Blanco, the essence of agave",4 x 15 mL,39
Alma Avalon,Tasting flights,"Añejo, the art of ageing",4 x 15 mL,47
Alma Avalon,Tasting flights,"Espadín agave, the mezcalero's choice",4 x 15 mL,41
Alma Avalon,Tasting flights,Mezcal agave complexity,4 x 15 mL,45
Alma Avalon,Tasting flights,Rare finds,4 x 15 mL,86
Alma Avalon,Wine · Wine 150 mL 250 mL Bottle,"2024 Moments of Clarity, Riesling (Eden Valley, SA)",150 mL,16
Alma Avalon,Wine · Wine 150 mL 250 mL Bottle,"2024 Moments of Clarity, Riesling (Eden Valley, SA)",250 mL,26
Alma Avalon,Wine · Wine 150 mL 250 mL Bottle,"2024 Moments of Clarity, Riesling (Eden Valley, SA)",bottle,73
Alma Avalon,Wine · Wine 150 mL 250 mL Bottle,"2024 Frogmore Creek, Riesling (Coal River, TAS)",bottle,93
Alma Avalon,Wine · Wine 150 mL 250 mL Bottle,"2024 Gotas de Mar, Albariño (Rías Baixas, ESP)",150 mL,19
Alma Avalon,Wine · Wine 150 mL 250 mL Bottle,"2024 Gotas de Mar, Albariño (Rías Baixas, ESP)",250 mL,31
Alma Avalon,Wine · Wine 150 mL 250 mL Bottle,"2024 Gotas de Mar, Albariño (Rías Baixas, ESP)",bottle,86
Alma Avalon,Wine · Wine 150 mL 250 mL Bottle,"2024 Catalina Sounds 'Sound of White', Sauvignon Blanc (Marlborough, NZ)",150 mL,17
Alma Avalon,Wine · Wine 150 mL 250 mL Bottle,"2024 Catalina Sounds 'Sound of White', Sauvignon Blanc (Marlborough, NZ)",250 mL,27
Alma Avalon,Wine · Wine 150 mL 250 mL Bottle,"2024 Catalina Sounds 'Sound of White', Sauvignon Blanc (Marlborough, NZ)",bottle,77
Alma Avalon,Wine · Wine 150 mL 250 mL Bottle,"2024 i Lauri 'AVALOS', Pecorino (Abruzzo, ITA)",bottle,81
Alma Avalon,Wine · Wine 150 mL 250 mL Bottle,"2023 Shut The Gate 'For Freedom', Gewürztraminer (Clare Valley, SA)",bottle,76
Alma Avalon,Wine · Wine 150 mL 250 mL Bottle,"2023 Greystone, Pinot Gris (Waipara, NZ)",150 mL,18
Alma Avalon,Wine · Wine 150 mL 250 mL Bottle,"2023 Greystone, Pinot Gris (Waipara, NZ)",250 mL,29
Alma Avalon,Wine · Wine 150 mL 250 mL Bottle,"2023 Greystone, Pinot Gris (Waipara, NZ)",bottle,83
Alma Avalon,Wine · Wine 150 mL 250 mL Bottle,"2022 Stéphane Brocard Mâcon-Villages, Chardonnay (Burgundy, FRA)",150 mL,26
Alma Avalon,Wine · Wine 150 mL 250 mL Bottle,"2022 Stéphane Brocard Mâcon-Villages, Chardonnay (Burgundy, FRA)",250 mL,41
Alma Avalon,Wine · Wine 150 mL 250 mL Bottle,"2022 Stéphane Brocard Mâcon-Villages, Chardonnay (Burgundy, FRA)",bottle,111
Alma Avalon,Wine · Wine 150 mL 250 mL Bottle,"2024 Ingram Road, Chardonnay (Yarra Valley, VIC)",150 mL,16
Alma Avalon,Wine · Wine 150 mL 250 mL Bottle,"2024 Ingram Road, Chardonnay (Yarra Valley, VIC)",250 mL,26
Alma Avalon,Wine · Wine 150 mL 250 mL Bottle,"2024 Ingram Road, Chardonnay (Yarra Valley, VIC)",bottle,73
Alma Avalon,Wine · Wine 150 mL 250 mL Bottle,"2023 Kendall Jackson 'Vintner's Reserve', Chardonnay (Napa Valley, USA)",bottle,106
Alma Avalon,Wine · Bubbles,"NV Serenello Prosecco, Glera (Veneto, ITA)",150 mL,16
Alma Avalon,Wine · Bubbles,"NV Serenello Prosecco, Glera (Veneto, ITA)",bottle,76
Alma Avalon,Wine · Bubbles,"NV Taittinger Brut Réserve, Chardonnay Pinot Noir Pinot Meunier (Champagne, FRA)",150 mL,28
Alma Avalon,Wine · Bubbles,"NV Taittinger Brut Réserve, Chardonnay Pinot Noir Pinot Meunier (Champagne, FRA)",bottle,161
Alma Avalon,Wine · Bubbles,"NV Taittinger Brut Réserve 375 mL (Champagne, FRA)",bottle,95
Alma Avalon,Wine · Wine 150 mL 250 mL Bottle,"2024 R. Paulazzo Rosé, Pinot Noir (Riverina, NSW)",150 mL,16
Alma Avalon,Wine · Wine 150 mL 250 mL Bottle,"2024 R. Paulazzo Rosé, Pinot Noir (Riverina, NSW)",250 mL,26
Alma Avalon,Wine · Wine 150 mL 250 mL Bottle,"2024 R. Paulazzo Rosé, Pinot Noir (Riverina, NSW)",bottle,73
Alma Avalon,Wine · Wine 150 mL 250 mL Bottle,"2024 La Belle 'Colette' Rosé, Shiraz Grenache Mourvèdre Cinsault (Provence, FRA)",150 mL,18
Alma Avalon,Wine · Wine 150 mL 250 mL Bottle,"2024 La Belle 'Colette' Rosé, Shiraz Grenache Mourvèdre Cinsault (Provence, FRA)",250 mL,29
Alma Avalon,Wine · Wine 150 mL 250 mL Bottle,"2024 La Belle 'Colette' Rosé, Shiraz Grenache Mourvèdre Cinsault (Provence, FRA)",bottle,83
Alma Avalon,Wine · Red,"2025 El Desperado, Pinot Noir (Adelaide Hills, SA)",150 mL,16
Alma Avalon,Wine · Red,"2025 El Desperado, Pinot Noir (Adelaide Hills, SA)",250 mL,26
Alma Avalon,Wine · Red,"2025 El Desperado, Pinot Noir (Adelaide Hills, SA)",bottle,73
Alma Avalon,Wine · Red,"2024 Domaine Thomson 'Explorer', Pinot Noir (Central Otago, NZ)",bottle,89
Alma Avalon,Wine · Red,"2023 Helen's Hill 'The Smuggler', Pinot Noir (Yarra Valley, VIC)",bottle,126
Alma Avalon,Wine · Red,"2022 Capa Single Vineyard, Tempranillo (Castilla La Mancha, ESP)",150 mL,16
Alma Avalon,Wine · Red,"2022 Capa Single Vineyard, Tempranillo (Castilla La Mancha, ESP)",250 mL,26
Alma Avalon,Wine · Red,"2022 Capa Single Vineyard, Tempranillo (Castilla La Mancha, ESP)",bottle,73
Alma Avalon,Wine · Red,"2022 Villa Albergotti Chianti Superiore, Sangiovese (Tuscany, ITA)",150 mL,18
Alma Avalon,Wine · Red,"2022 Villa Albergotti Chianti Superiore, Sangiovese (Tuscany, ITA)",250 mL,29
Alma Avalon,Wine · Red,"2022 Villa Albergotti Chianti Superiore, Sangiovese (Tuscany, ITA)",bottle,83
Alma Avalon,Wine · Red,"2023 Teusner 'Avatar', Grenache Shiraz Mataro (Barossa Valley, SA)",bottle,96
Alma Avalon,Wine · Red,"2022 BenMarco 'Valle de Uco', Malbec (Mendoza, ARG)",150 mL,21
Alma Avalon,Wine · Red,"2022 BenMarco 'Valle de Uco', Malbec (Mendoza, ARG)",250 mL,33
Alma Avalon,Wine · Red,"2022 BenMarco 'Valle de Uco', Malbec (Mendoza, ARG)",bottle,93
Alma Avalon,Wine · Red,"2017 Geoff Merrill 'Jacko's', Shiraz (McLaren Vale, SA)",bottle,89
Alma Avalon,Wine · Red,"2023 Teusner 'Wark Family', Shiraz (Barossa Valley, SA)",150 mL,17
Alma Avalon,Wine · Red,"2023 Teusner 'Wark Family', Shiraz (Barossa Valley, SA)",250 mL,27
Alma Avalon,Wine · Red,"2023 Teusner 'Wark Family', Shiraz (Barossa Valley, SA)",bottle,77
Alma Avalon,Wine · Red,"2021 Cannonball, Cabernet Sauvignon (Sonoma Valley, USA)",bottle,106
Alma Avalon,Tequila (30 mL) · El Pandillo,ArteNOM 1579 40.7%,30 mL,20
Alma Avalon,Tequila (30 mL) · El Pandillo,G4 Blanco 40%,30 mL,18
Alma Avalon,Tequila (30 mL) · El Pandillo,G4 Reposado 40%,30 mL,21
Alma Avalon,Tequila (30 mL) · El Pandillo,G4 Añejo 40%,30 mL,33
Alma Avalon,Tequila (30 mL) · El Pandillo,Terralta Blanco 40%,30 mL,19
Alma Avalon,Tequila (30 mL) · El Pandillo,Pasote Blanco 40%,30 mL,24
Alma Avalon,Tequila (30 mL) · Arette de Jalisco,Arette Blanco 40%,30 mL,13
Alma Avalon,Tequila (30 mL) · Arette de Jalisco,Arette Reposado 40%,30 mL,15
Alma Avalon,Tequila (30 mL) · Arette de Jalisco,Arette Suave Artesanal Blanco 38%,30 mL,23
Alma Avalon,Tequila (30 mL) · Grupo Tequilero,Alquimia Blanco 40%,30 mL,22
Alma Avalon,Tequila (30 mL) · Grupo Tequilero,El Tequileño 1959 Platinum 40%,30 mL,16
Alma Avalon,Tequila (30 mL) · Grupo Tequilero,El Tequileño 1959 Gran Reserva Reposado 40%,30 mL,17
Alma Avalon,Tequila (30 mL) · Grupo Tequilero,El Tequileño 1959 Añejo 40%,30 mL,25
Alma Avalon,Tequila (30 mL) · Grupo Tequilero,El Tequileño 1959 Reposado Rare 40%,30 mL,49
Alma Avalon,Tequila (30 mL) · Hacienda Capellanía,Calle 23 Blanco 40%,30 mL,13
Alma Avalon,Tequila (30 mL) · Hacienda Capellanía,Calle 23 Reposado 40%,30 mL,15
Alma Avalon,Tequila (30 mL) · Varo Destilería,Código 1530 Rosa Blanco 35%,30 mL,23
Alma Avalon,Tequila (30 mL) · Tequila Cascahuín,Cascahuín Blanco 38%,30 mL,15
Alma Avalon,Tequila (30 mL) · Tequila Cascahuín,Cascahuín Plata 48%,30 mL,25
Alma Avalon,Tequila (30 mL) · Tequila Cascahuín,Cascahuín Tahona Blanco 42%,30 mL,25
Alma Avalon,Tequila (30 mL) · Tequila Cascahuín,Cascahuín Extra Añejo 43%,30 mL,50
Alma Avalon,Tequila (30 mL) · Hacienda Herradura,Herradura Plata 40%,30 mL,15
Alma Avalon,Tequila (30 mL) · Hacienda Herradura,Herradura Reposado 40%,30 mL,17
Alma Avalon,Tequila (30 mL) · Hacienda Herradura,Herradura Añejo 40%,30 mL,19
Alma Avalon,Tequila (30 mL) · Hacienda Herradura,Herradura Ultra 40%,30 mL,25
Alma Avalon,Tequila (30 mL) · Hacienda Herradura,Herradura Suprema Extra Añejo 40%,30 mL,80
Alma Avalon,Tequila (30 mL) · Tequila Tapatío,El Tesoro Blanco 40%,30 mL,22
Alma Avalon,Tequila (30 mL) · Tequila Tapatío,El Tesoro Reposado 40%,30 mL,23
Alma Avalon,Tequila (30 mL) · Tequila Tapatío,El Tesoro Añejo 40%,30 mL,25
Alma Avalon,Tequila (30 mL) · Tequila Tapatío,Tapatío Blanco 40%,30 mL,20
Alma Avalon,Tequila (30 mL) · Tequila Tapatío,Tapatío Reposado 40%,30 mL,22
Alma Avalon,Tequila (30 mL) · Tequila Los Abuelos,Fortaleza Blanco 40%,30 mL,21
Alma Avalon,Tequila (30 mL) · Tequila Los Abuelos,Fortaleza Reposado 40%,30 mL,24
Alma Avalon,Tequila (30 mL) · Tequila Los Abuelos,Fortaleza Añejo 40%,30 mL,29
Alma Avalon,Tequila (30 mL) · Los Alambiques,Ocho Plata 40%,30 mL,21
Alma Avalon,Tequila (30 mL) · Los Alambiques,Ocho Reposado 40%,30 mL,22
Alma Avalon,Tequila (30 mL) · Los Alambiques,Ocho Añejo 40%,30 mL,23
Alma Avalon,Tequila (30 mL) · Los Alambiques,Ocho Extra Añejo 40%,30 mL,32
Alma Avalon,Tequila (30 mL) · Patrón Spirits México,Patrón Silver 40%,30 mL,13
Alma Avalon,Tequila (30 mL) · Patrón Spirits México,Patrón Reposado 40%,30 mL,15
Alma Avalon,Tequila (30 mL) · Patrón Spirits México,Patrón Añejo 40%,30 mL,17
Alma Avalon,Tequila (30 mL) · Patrón Spirits México,Patrón El Cielo 40%,30 mL,28
Alma Avalon,Tequila (30 mL) · Diageo México,Don Julio Blanco 38%,30 mL,20
Alma Avalon,Tequila (30 mL) · Diageo México,Don Julio Reposado 38%,30 mL,22
Alma Avalon,Tequila (30 mL) · Diageo México,Don Julio Añejo 38%,30 mL,25
Alma Avalon,Tequila (30 mL) · Diageo México,Don Julio 1942 38%,30 mL,38
Alma Avalon,Tequila (30 mL) · Other houses,Siete Leguas Blanco 40%,30 mL,21
Alma Avalon,Tequila (30 mL) · Other houses,Tromba Blanco 40%,30 mL,15
Alma Avalon,Tequila (30 mL) · Other houses,Leyenda del Milagro Blanco 40%,30 mL,15
Alma Avalon,Tequila (30 mL) · Other houses,Tres Agaves 40%,30 mL,14
Alma Avalon,Tequila (30 mL) · Other houses,Batanga Reposado 40%,30 mL,12
Alma Avalon,Mezcal (30 mL) · Espadín,Aguas Mansas 45% · Santiago Matatlán,30 mL,12
Alma Avalon,Mezcal (30 mL) · Espadín,El Jolgorio 47.8% · San Luis del Río,30 mL,31
Alma Avalon,Mezcal (30 mL) · Espadín,Mezcal Verde 42% · Tlacolula,30 mL,14
Alma Avalon,Mezcal (30 mL) · Espadín,Nuestra Soledad 47% · San Luis del Río,30 mL,17
Alma Avalon,Mezcal (30 mL) · Espadín,Nuestra Soledad 47% · Santiago Matatlán,30 mL,16
Alma Avalon,Mezcal (30 mL) · Espadín,"Nuestra Soledad 47% · La Compañía, Ejutla",30 mL,17
Alma Avalon,Mezcal (30 mL) · Espadín,Nuestra Soledad 47% · San Baltazar Guelavila,30 mL,17
Alma Avalon,Mezcal (30 mL) · Espadín,Siete Misterios Doba Yej 44% · San Dionisio Ocotepec,30 mL,15
Alma Avalon,Mezcal (30 mL) · Espadín,Koch El Mezcal Ancestral 47.12% · Sola de Vega,30 mL,19
Alma Avalon,Mezcal (30 mL) · Espadín,San Cosme Mezcal 40% · Santiago Matatlán,30 mL,14
Alma Avalon,Mezcal (30 mL) · Espadín cont.,Origen Raíz Chacaleño 48% · Durango,30 mL,23
Alma Avalon,Mezcal (30 mL) · Espadín cont.,Alipus Mezcal 42% · San Juan del Río,30 mL,16
Alma Avalon,Mezcal (30 mL) · Espadín cont.,Alipus Mezcal 48% · San Baltazar Guelavila,30 mL,14
Alma Avalon,Mezcal (30 mL) · Espadín cont.,Ilegal Mezcal Reposado 40% · Tlacolula,30 mL,20
Alma Avalon,Mezcal (30 mL) · Espadín cont.,Quiquiriqui 45% · Santiago Matatlán,30 mL,15
Alma Avalon,Mezcal (30 mL) · Espadín cont.,Del Maguey VIDA 42% · San Luis del Río,30 mL,17
Alma Avalon,Mezcal (30 mL) · Espadín cont.,Del Maguey Minero 46% · Santa Catarina Minas,30 mL,27
Alma Avalon,Mezcal (30 mL) · Ensemble,"Aprendiz 45% · Espadín & Tepextate, San Juan del Río",30 mL,25
Alma Avalon,Mezcal (30 mL) · Ensemble,"Bruxo No.4 46% · Espadín, Cuishe & Barril, San Juan del Río",30 mL,18
Alma Avalon,Mezcal (30 mL) · Cenizo,Lágrimas de Dolores 47% · Durango,30 mL,21
Alma Avalon,Mezcal (30 mL) · Cenizo,Origen Raíz 48% · Durango,30 mL,20
Alma Avalon,Mezcal (30 mL) · Madrecuishe,El Jolgorio 48% · Santiago Matatlán,30 mL,34
Alma Avalon,Mezcal (30 mL) · Madrecuishe,Origen Raíz 48% · Santiago Matatlán,30 mL,28
Alma Avalon,Mezcal (30 mL) · Mexicano,"El Jolgorio 47% · La Compañía, Ejutla",30 mL,39
Alma Avalon,Mezcal (30 mL) · Mexicano,Koch El Mezcal 46.98% · Río de Ejutla,30 mL,19
Alma Avalon,Mezcal (30 mL) · Tepextate,El Jolgorio 48% · San Luis del Río,30 mL,52
Alma Avalon,Mezcal (30 mL) · Tepextate,Koch El Mezcal 46.3% · Santa María Zoquitlán,30 mL,19
Alma Avalon,Mezcal (30 mL) · Arroqueño,El Jolgorio 55% · Miahuatlán,30 mL,36
Alma Avalon,Mezcal (30 mL) · Arroqueño,El Jolgorio 52% · Miahuatlán,30 mL,55
Alma Avalon,Mezcal (30 mL) · Arroqueño,Koch El Mezcal 47.13% · Río de Ejutla,30 mL,19
Alma Avalon,Mezcal (30 mL) · Other mezcal,"El Jolgorio 47% · Cuishe, Santa María Zoquitlán",30 mL,33
Alma Avalon,Mezcal (30 mL) · Other mezcal,"El Jolgorio 52% · Tobasiche, La Compañía, Ejutla",30 mL,50
Alma Avalon,Mezcal (30 mL) · Other mezcal,"El Jolgorio 50.2% · Tobasiche, El Palmar",30 mL,48
Alma Avalon,Mezcal (30 mL) · Other mezcal,"El Jolgorio 50.3% · Jabalí, Santa María Zoquitlán",30 mL,59
Alma Avalon,Mezcal (30 mL) · Other mezcal,"El Jolgorio 50.3% · Sierrudo, Santiago Matatlán",30 mL,44
Alma Avalon,Mezcal (30 mL) · Other mezcal,"El Jolgorio 48% · Espadín Pechuga, Santiago Matatlán",30 mL,54
Alma Avalon,Mezcal (30 mL) · Other mezcal,"Mezcal Machetazo 45% · Cupreata, Guerrero",30 mL,15
Alma Avalon,Food · To start,Guacamole,,17
Alma Avalon,Food · To start,Mexican shrimp cocktail,,22
Alma Avalon,Food · To start,Salmon sashimi hard shell taco,,22
Alma Avalon,Food · To start,Sweet corn,,17
Alma Avalon,Food · To start,Halloumi,,19
Alma Avalon,Food · To start,Chicken tinga empanadas,,22
Alma Avalon,Food · Tacos (each),Barramundi taco,,9
Alma Avalon,Food · Tacos (each),Pork belly taco,,9
Alma Avalon,Food · Tacos (each),Zucchini taco,,9
Alma Avalon,Food · Tacos (each),Carne asada taco,,9
Alma Avalon,Food · To share,Fish of the day al pastor,,47
Alma Avalon,Food · To share,Agave beef short rib,,49
Alma Avalon,Food · To share,Cauliflower steak,,33
Alma Avalon,Food · Sides,Broccolini,,20
Alma Avalon,Food · Sides,Shoestring fries,,11
Alma Avalon,Food · Sides,Nashi pear,,19
Alma Avalon,Food · Sweet,Churros,,19
Alma Avalon,Food · Sweet,Pistachio flan,,17
Alma Avalon,Food · Trust our chef (per person),Grazing,,49
Alma Avalon,Food · Trust our chef (per person),Feasting,,79
Alma Avalon,Food · Trust our chef (per person),Agave pairing,,45
