item,variation,price_after,price_before,var_id
$5 Battered Barramundi Taco,,5.0,5.0,HCXFNQ4234IQC67NPXOJBL3G
$5 Beef Taco,,5.0,5.0,WAMGDUKFE7QUSHQQXYPDI4MH
$5 Chicken Taco,,5.0,5.0,C4LXN3PW5XCMSRCHNQSQ4OMO
$5 Eggplant Taco,,5.0,5.0,UEFMCT7U54TRF3PEXOIDSQZV
$5 Grilled Barramundi Taco,,5.0,5.0,ZWOCG5CDFCQH3GBORZAPUPQ2
2004 Rockford Basket Press,,600.0,600.0,ZCWSLJ7AURUN7FY7PHTICK6L
2017 Rockford Basket Press,,395.0,390.0,7NN3G2P6DKCXCTK2PN6LMQCQ
2018 Rockford Basket Press,,475.0,470.0,AB5OO7VFNVRJVEXC25N35QAF
A. Rodda Tempranillo,,106.0,105.0,AZGX7NMRX7MH6KQRSMHBC7IL
Abasolo 30mL,,18.0,18.0,7CIB5NROTEP2Z5W6HZNJZPVO
Agave Beef Ribs*,,0.0,0.0,U6E3YH22D4ROLHC6FOH4YJP5
Agave Beef Short Ribs,,49.0,48.0,WRFYT3WPIRVS7YKW5XCYCOFQ
Agave Pairing,,45.0,NEW,JNN4NT4NTPXAEWO4ZUCRHWXT
Aguas Mansas,Regular,13.0,12.0,426KHO5PBO3GWX65YXZ3TXFK
Alain Jaume Chateauneuf du Pape,,265.0,NEW,BQCCVNBOL622TB7S3JQ4VSRZ
All Saints Estate Grand Rutherglen Muscat,,120.0,120.0,ZRVDZEJT7OLML5BXEDEVAIZV
Alquimia Blanco 30mL,,23.0,22.0,RMWPS7WM7ZTVBP3REYUMJIHU
Already Sent*,,0.0,0.0,SP26LR3VPIGYEBPH7FACBGQO
Amaretto Sour,,22.0,22.0,2BBDSCYZX24GZCQVDRS6WPSX
Amaro Montenegro 30mL,,10.0,10.0,AB3C3C6SMOG4FTI6SK7Z4L3Y
Anejo Aging Flight,,47.0,46.0,FZJVVACYCB3AWMHBPHW6O6M5
Aperol (ISH) Spritz,,20.0,20.0,LHCLLS2GKG462OT4OZ4Z6KPJ
Aperol 30mL,,10.0,10.0,KAPH6QKBMUCZP76KQLXH2QBB
Aperol Spritz,,20.0,20.0,6GOZFBTWMLFDBSJOTBMRFSJB
Apple Jalapeno Fresca,,18.0,18.0,5CPKDJXPPUIWLGR3DFBBZB7M
Aprendiz 30mL,,26.0,25.0,JIAEF5TKI5KAJZEEWVDVXD5A
Arette Blanco 30mL,,14.0,13.0,ZBESWRVJSH77L7IIRRCVGDRO
Arette Reposado 30mL,,16.0,15.0,7OYYPS4XMAX22GONG7OOHLJM
Arette Suave Blanco 30mL,,24.0,23.0,HKIYQKWYQB23GK3Y4GPRCPD6
ArteNom 1579 30mL,,21.0,20.0,35QYIPMV6L5MJGELH7UVQ3GD
Aviation,,24.0,24.0,3YCQRLHPJCACMNGYYI4FMRQU
BB Balter Cerveza,,0.0,0.0,SBEQ5HZBXTYK2HB2PCD4UTNT
BB Cerveza,,0.0,0.0,GLLL4ASSMWDTNCX7Y2LCB5M6
BB Cider,Regular,0.0,0.0,ZFPUNDNZZ7LMGKLULOU63UJC
BB Classic Marg,,0.0,0.0,6SV6Y6JQPC47JYNNIC2MMH6G
BB Coke,,0.0,0.0,MX4ZINRPZIFFXN2HZSWR4YZF
BB Coke No Sugar,,0.0,0.0,TCCCZSNW6HRDSUX34WRCUHY3
BB Hazy Pale,,,,KBY2XE6QENOUIUAIFPTO3IDI
BB Heaps Normal,,0.0,0.0,GDQ2P6JM7NXNYLQJ4KIIZXEQ
BB Heaps Normal Lager,,0.0,0.0,6NITLQGJJBZHYRFF5UCRXXM5
BB Jalapeno Marg,,0.0,0.0,LSO3EKHN4ED5QT3TGOCYOBNJ
BB Moments Riesling 750ml,,0.0,0.0,2DJ5TCF42OF35A4OEFNLJGY7
BB Paulazzo Rose 750ml,,0.0,0.0,FEPXSLSZEVCJ7B7JZIBT2S33
BB Prosecco 125mL,,0.0,0.0,WXAM7FGE6VI2BMNEK34RZYSA
BB Prosecco 750mL,,0.0,0.0,MAWK6IHOPHHCQDHG7MILOMDA
BB Prosecco 750ml,,0.0,0.0,4QFHSPA4RFEKWJ4RYSV7EKBX
BB RG Paloma,,0.0,0.0,QDIFZ3M4K6LVTZUUTD6CXSI7
BB Riesling 150mL,,0.0,0.0,RARMGK3Q2CPGSWRYSSP763TK
BB Riesling 750mL,,0.0,0.0,TNNCITZNEK3VRWHE4DWCK7UR
BB Rose 150mL,,0.0,0.0,JGQAIT43WKKKLI74MVMONPYM
BB Rose 750mL,,0.0,0.0,GHNTMAPWMN2OXWZW2KOM3DMC
BB SENSIBLE Marg,,0.0,0.0,4C63F2TGCKAFM22P7TAUPIOW
BB Sprite,,0.0,0.0,HOSOFK6HNQHZCVHPD3P6AB2O
BB Tempranillo 150mL,,0.0,0.0,DK5KWEIDC2HFHERNWGEWRUFB
BB Tempranillo 750mL,,0.0,0.0,4J4MMRGUU2TSI4FBG7MYEDLF
BB Tempranillo 750ml,,0.0,0.0,V3DMXBWJL2RPC37E2OTRD6J7
BB Watermelon Marg,,0.0,0.0,LVFJM6INZ3C4KD2CH5QIGJEJ
Baby Beetroots,,20.0,19.0,YZWRXNBV5WWCBJVQ6YCUXQYL
Baby Beetroots (1pp)*,,0.0,0.0,LZVYIFUXM3TSCRZYGFW6LLRD
Baby Beetroots*,,0.0,0.0,NIKYCGXYFKANNDQ3MUKGE5ID
Badenhorst 'Secateurs' Chenin Blanc,,95.0,94.0,E5EOUZEU5KAPBUIJK5XNJX2M
Ballantines 30mL,,12.0,12.0,MN4VOX3DF5RBNG52BAIJV7U5
Balmy Nights 'White' Schonberger,,60.0,60.0,6G3XZYXGUGFZU5E3Q4ZHS2CM
Balter Cerveza,,13.0,12.0,7VWR3RAFLVBZBBLDOQWFXIAN
Balter XPA Can,,13.0,14.0,LT4227JICCDE7KJCHSFPXXRI
Barramundi Taco Battered,,9.0,8.0,FUFSXW2SNXELUDUIIKOLCQZU
Barramundi Taco Battered*,,0.0,0.0,HJCZXQZMP7W3RPGHTLFWRBOA
Barramundi Taco Grilled,,9.0,8.0,EAL7SDL5K6Z6GPTOUUYCI6J4
Barramundi Taco Grilled*,,0.0,0.0,KL54EWYJCQNBPQHHIYEIA5NP
Batlow Cider Can,,13.0,12.0,D4SX6ITAMOFJO7MGBP3CA2BM
"Beach, Please",,23.0,22.0,CYLT4EJAFEYSXVL45V2TXLB5
Beef Birria Taco,,9.0,8.0,N6P72HALVY5543TCM2AVB5AW
Beef Taco*,,0.0,0.0,ZEZNRWKYCH4XJQ2A2WZJBHVR
Belvedere 30mL,,17.0,17.0,PKTCHA5TE34WQL2ALYRGVWMB
BenMarco Malbec,150ml,21.0,20.0,IWLNG2YRJNJSVW2W5OHO5WDS
BenMarco Malbec,250ml,33.0,32.0,KZI353HMGQ5PIIWTDI2OFBQA
BenMarco Malbec,750ml,93.0,92.0,GZ5GXCL643CV7J5ZNQS6FP2L
Billecart Salmon Rose,,290.0,285.0,27RF2MZBOWY3HZEHT6LTKS23
Bloody Maria,,20.0,20.0,JOLM3ZTM6UYENNPDA5PNTV3B
Bloody Mary,,20.0,20.0,FSZ2PQM5H23Y5MKYOEXHK4UR
Bonnet & Cotton Beaujolais,150ml,29.0,NEW,PPSETSWLQNWHCDIC23QE4EYW
Bonnet & Cotton Beaujolais,250ml,41.0,NEW,FOG5XN7AZHMBQCMPW25A6AR7
Bonnet & Cotton Beaujolais,750ml,130.0,128.0,LIEAMQTHAPJ3UD23KVOKLMHT
Bottomless Lunch Drinks,,50.0,50.0,ZMFL4C52T45PW7Y4LM6PWANR
Bottomless Lunch Food,,49.0,49.0,BJYDWM37236SNQQ3JTPCA53K
Bozal Jamon Iberico 30mL,,49.0,48.0,SKGW6LMVGAV2V4FA2U5TMSCC
Brave New Wine 'Pystopia',,77.0,76.0,ERVF4I6I3MAIOGGEQRP7FVYA
Briar Ridge 'BDX',Regular,83.0,82.0,MBSOW5IT24NJBRPIHNPB6PC2
Briar Ridge 'The Squire' Chardonnay,,79.0,78.0,JAENGUE7NKV7NEZ237VIEWJC
Broccolini,,20.0,19.0,NQ4N2TGKATRBI2UO7ZB2EOTO
Broccolini (1pp)*,,0.0,0.0,H4PU2KB5PBS5FVSF2IM2TIMH
Broccolini*,,0.0,0.0,MO3K2PHS2BMTAHMDE57RXQX4
Bruxo No. 2 30mL,,19.0,18.0,ALNARDFLO5F4ZIHUTKNIZRZQ
Bruxo No. 4 30mL,,19.0,18.0,IZBLIWD26IT2J5KCSPHRP52U
Bruxo X 30mL,,16.0,15.0,2NC4B3RLFJOTX5QSM2EZCY2M
Ca di Bruno Barbaresco,,152.0,150.0,AKL3ZIQN32XPKRZVKF7CJ7TU
Cabbage,,33.0,32.0,FTTLAID4SBFVCF6ITLVAVECY
Cabbage*,,0.0,0.0,VDAPH4U4QDK5TVP7WTODUTSD
Caipirinha,,24.0,24.0,PFVHKV2KMBP45UVPKE4IY53J
Cakeage (1p),Regular,2.5,2.5,OOQVPJTC5JD6N7FHKV7QISEF
Calle 23 Blanco 30mL,,14.0,13.0,LDRHWMJLZFEI6LTJOLS3SVEW
Calle 23 Reposado 30mL,,16.0,15.0,UGLUCSPAUFEGFSAKELXG2DPG
Campari 30mL,,10.0,10.0,I4WQV3KB4CKMEO7OIZ6WWKTK
Cannonball Cabernet Sauvignon,,106.0,105.0,BMEGFQXFYDJOZGJEOY4JOL4X
Cannonball Chardonnay,750ml,85.0,85.0,M267P5FGYAVDTOZTMQKDVG32
Capa Tempranillo,150ml,16.0,15.0,V7RYYGZYKACLOTE6SGEVAGBP
Capa Tempranillo,250ml,26.0,25.0,HWN4YYQG5X7ODHCX3YIQFG6A
Capa Tempranillo,750ml,73.0,72.0,I3MGNHLHFQO2MTNQG4RT54Q7
Capa Tempranillo 150mL*,,0.0,0.0,XMGUMA3COWAVJAZYNL666C22
Caprioska,,24.0,24.0,TD444T367Q5HMSDQ36TJBATT
Cascahuin Anejo 30mL,,21.0,20.0,DNGODYFCV3IRFBWPBVQIA5DM
Cascahuin Blanco 30mL,,16.0,14.0,OBIMTP7TJ6JUEDRFPJLVKK5L
Cascahuin Reposado 30mL,,19.0,18.0,BLXMT3WCTHWBKZQ2FEGOEYOI
Catalina Sounds Sauvignon Blanc,,77.0,76.0,6ZQX26YGW6M5ZLKJHH3XBLO7
Chateau Cru Godard Bordeaux,,99.0,98.0,AJEZRZJGYIH252SDWBJMQFFX
Chateau Domecq,,71.0,70.0,S2YDIVNFVXGTZPV565YQE367
Chateau Grand Village White,150mL,37.0,36.0,GRQXWDNXGQV6QQF6IILPRKSY
Chateau Grand Village White,250mL,59.0,58.0,OSIMPLMCWRXVXDL24QRMPOEP
Chateau Grand Village White,750mL,152.0,150.0,CVR6IGJAYLRCFDC3ZLNLRPVL
Chateau Grand Village White 150mL*,,0.0,0.0,IOKYXHS7C3IBSFU4IKCYM6SZ
Chateau La Grave Figeac Grand Cru,,215.0,210.0,ZRORGRMTY5F36XWL7FMV4Q2G
Cheese Quesadilla,Regular,10.0,10.0,PTIWBSO3XAXFYE4AJGUFHTRW
Chicken Empanada (1pc)*,,0.0,0.0,ANUNSRUAKLEP7VKZODIVAVYF
Chicken Taco,,8.0,8.0,ZHJBGEOFV65N6J7LMDPFT7TC
Chicken Taco*,,0.0,0.0,LWLIPBU3BCZY7JXJHNNVQCXI
Chicken Tinga Empanada (1pc),,7.0,7.0,INRWIVRYO44KAALCHJB5NNLE
Chicken Tinga Empanadas,,22.0,21.0,PMJYUKO63FQBAC53RBFR74YM
Chorizo Taco,Regular,9.0,8.0,LXTT5DIBPHGSNV3ARV4G5PT5
Chorizo Taco*,Regular,0.0,0.0,46WXESDDKESWIWGEXB3Q5QGA
Churros,,19.0,18.0,VZOX6TYQY4NVKIPKG3IGJFO2
Churros*,,0.0,0.0,LVTOYBHMMNT6P7XP4JKL5TDM
Classic Margarita,,23.0,22.0,BNSIE4IHJEPEVMAKW4MQP4HD
Coastal Stone 30mL,,18.0,18.0,J6CVGFGS5MMVL2AZAOLTSS77
Coca Cola,,5.0,5.0,XLFZMIXJS4GGEWPVKG7UUT2E
Coconut Margarita,,23.0,22.0,CEVXQYNYAMTD3NX5AL235JPT
Codigo 1530 Rosa Blanco 30mL,,24.0,23.0,GKXSLOBLSHPVJLXQY5EXJLVO
Coke No Sugar,,5.0,5.0,LXNMAMVCINPYOQBMQ5S32AFC
Corona Bottle,,13.0,12.0,FXTG3ZJXHVRIH2TQWTXY64YB
Cullen Cabernet Merlot 375mL,,40.0,40.0,E5HNQMTACN3UKVSICQ5LEWZ4
Daiquiri,,22.0,22.0,4NZ4O4TYJLRVO7U2NUW4JYZJ
Discover El Tequileno Flight,Regular,46.0,45.0,7XRRZ5AAVKMW7QRQEI4TCHXA
Domaine Bouchard Corton Grand Cru,,555.0,550.0,J7DGHKCSO5DQ4TF2IJNHX2NJ
Domaine Christian Salmon Sancerre,,137.0,135.0,IKCCDJFFGVGSM424IKEXTHOP
Domaine Gavoty Rose 'Cigale',150mL,18.0,17.0,DKVYKEDM73JLJJH3VZGXYYQT
Domaine Gavoty Rose 'Cigale',250mL,29.0,28.0,VLDWHXJ54HE6PIH3EOJNASE5
Domaine Gavoty Rose 'Cigale',750mL,83.0,82.0,J3M3GGGTOTP4BPPBZBWPLQFF
Domaine Oudin Chablis,150ml,35.0,34.0,XDXCRMQJGENO5TML4M65FMW3
Domaine Oudin Chablis,250ml,57.0,56.0,X3P2HQIMKM2OAVGC7ORZQ6HR
Domaine Oudin Chablis,750ml,144.0,142.0,EDDTJD57YBOE7KS2NOUQ2DUQ
Domaine Rougeot Mersault 'Sous la Velle',,440.0,435.0,EMXHAUJ7SDTNLW7JMYFIZQIN
Domaine Sparr Riesling 'Sentiment',,130.0,128.0,K72GU2EWEFUD75A3E76562ZX
Domaine Thomson 'Left Bank' Chardonnay,,150.0,148.0,PYHT35KMG6M4KQTHY7UJBSOD
Domaine Thomson Explorer,150ml,18.0,18.0,47XZB3MXTVZFIZ22X7JPEVN3
Domaine Thomson Explorer,250ml,30.0,30.0,27FYJY52LSY5IMJVLVNACBSV
Domaine Thomson Explorer,750ml,89.0,88.0,XGCITU37L2WWJ6YX3EJOVMFW
Domaine du Bouchot Puilly-Fume 'Terres Blanches',,192.0,190.0,R3XCWIFRCEFJOMXRZT72Q6LG
Domaine du Trapadis Cairanne 'Garrigues' GSC,150mL,25.0,25.0,TBXVAABT5EPHUZSL2PBMS2UK
Domaine du Trapadis Cairanne 'Garrigues' GSC,250mL,40.0,40.0,QXMXKM2ULLSLQOEIXJLPBZKX
Domaine du Trapadis Cairanne 'Garrigues' GSC,750mL,109.0,108.0,GUFS656M35ZBMBJ4KDVW33TX
Domaine du Trapadis VDF Red 'Esprit',,86.0,85.0,MEKUOLH4OC2XWYGNMNLUYUAM
Domaines Schlumberger Riesling,,147.0,145.0,HVYG7S4JPSVU3EVEYMQEMQBH
Don Elote,,25.0,24.0,MZRFXLMHLJEIV3CTKZZJPJXS
Don Julio 1942 30mL,Regular,39.0,38.0,K74ODS6ZKIHSOV7BF7JMLYCS
Don Julio Anejo 30mL,,26.0,25.0,IM4NVFQD6VUHMJGMASPLUZD3
Don Julio Blanco 30mL,,21.0,20.0,JOUNFCE25CVDG4OYGZWWSHF5
Don Julio Reposado 30mL,,23.0,22.0,M62EGNQD7UJQSDQ2ILVDMXAF
Drink Package,Balter Cerveza,0.0,0.0,WNJ25G7VNXV5VJU6VRATQY3B
Drink Package,Cider,0.0,0.0,ANZ42QJE2JXOHTZNH73Q4OQK
Drink Package,Gin,0.0,0.0,FEDUO46DPH45ESBO7NLU3FOC
Drink Package,Prosecco,0.0,0.0,37SLNHFJTHNS5SQ5S2YTSV4N
Drink Package,Riesling,0.0,0.0,YW3KZ4CRZYPX3UURCATO3FGC
Drink Package,Rose,0.0,0.0,7PUAAN55ITUAXXPX3ILA4M6N
Drink Package,Rum,0.0,0.0,TZL7QQXWGJG5ODYAUN5NS7N6
Drink Package,Tempranillo,0.0,0.0,GXEWOWDJ5FVOOLI7NHS2YZWB
Drink Package,Tequila,0.0,0.0,AIYGWCE5FEVJO6ANEBADTAGD
Drink Package,Vodka,0.0,0.0,MFRUPOUBSTOWI6X6CI763G3O
Drink Package,Whiskey,0.0,0.0,CKKT4DIAEZJSWUL4FY2KFWKD
Drink Special,,,,3XRCO74XXOG223TI456ZMUUW
Edmeades Zinfandel,,121.0,120.0,MZTCAWQRNTEQL6USMTU5FKSV
Eggplant Taco,,8.0,8.0,HWNY7V7HB5H45F7K4ZJRPT7M
El Jolgorio Arroqueno (Black Pink) 30mL,,56.0,55.0,43TDO5JG6VJSRKQHRVUIUZ2N
El Jolgorio Cuishe (Purple) 30mL,,34.0,33.0,LSOPAV7MBNNNNIL76VU3YZAR
El Jolgorio Espadin (Green) 30mL,,32.0,31.0,CJFKXHYBBMLHURHUSUYCOF6Z
El Jolgorio Madrecuishe (Pink) 30mL,,35.0,34.0,6FKBOUYEUH5K3SYWRNB5IQF4
El Jolgorio Mexicano (Brown) 30mL,,40.0,39.0,5CYGXFZ7N62KHTVE7FFFYE7X
El Jolgorio Pechuga (Yellow),,55.0,54.0,77CNVNMW5WT6IBC2CFHRLTB5
El Jolgorio Sierrudo (Black Green) 30mL,,45.0,44.0,I5UA73VVYROIYEMODOA6VJTR
El Jolgorio Tepeztate (Blue) 30mL,,53.0,52.0,PPV3VAMFTQTASZWENAQOVZE6
El Jolgorio Tobasiche (Black Brown) 30mL,,51.0,50.0,H2T22VUFP7EWV3RGDFSXXU5Q
El Jolgorio Todos Santos Arroqueno (Neon Pink),,37.0,36.0,DZV3HWY7IMO7SFXY2FKRA4FR
El Jolgorio Todos Santos Tobasiche (Neon Orange) 30mL,,48.0,48.0,EHUHOXZUL5B6YBHMSI5W6JVB
El Pandillo Flight,,49.0,49.0,FR7XFUEKQLBSDOVGDKPMR76W
El Tequileno Anejo 30mL,,26.0,25.0,W6FU6Q3PKLG3NCLRBWEWYHJG
El Tequileno Blanco 30mL (HOUSE),,10.0,10.0,44XFER2G25BIBNXL3SH3D2YN
El Tequileno Platinum 30mL,,17.0,16.0,O65B76NWYEUGXNHRNE7HMZR4
El Tequileno Reposado Rare 30mL,,50.0,49.0,4GJOUXH6JW3HBBF7HIS65Y6E
El Tequileno Reserva Reposado 30mL,,18.0,17.0,MMV727Q56KHFCF454NR6FOA2
El Tesoro Anejo 30mL,,25.0,25.0,FVKX746QI2URH6WSYJCNGV2X
El Tesoro Blanco 30mL,,23.0,22.0,GOEHK357AP6OQD6M27T4MQBQ
El Tesoro Reposado 30mL,,24.0,23.0,ZWH2Q7YRBXSJKE2BIDUUKDW5
Eperosa 'Magnolia 1941' Semillon,,109.0,108.0,K42SHC3D465FLNZ5WALGZKFH
Espadin Mezcal Flight,,33.0,42.0,CU6SGCB2A2RXBWBBPYU2JGCX
Espresso Martini,,23.0,22.0,SPY7DBVTVNVAT6JKBGIMB2YS
Feasting $79pp,,79.0,79.0,NN5HEU2RKECT55IG5HLS5HP5
Feasting Menu,Regular,79.0,79.0,S2OTBL5UZATIU2J576UQL77T
First Table 50% Off,Regular,39.5,39.5,A5YNDIIBZD2KU5V2WGKFGHTJ
Flan,,15.0,15.0,CKTOWKSSFI5W7C7UIRFJA7TC
Flan*,,0.0,0.0,RPOQOVHRYTDGMAQBDAFGLABE
Food Special,,,,LS4ISFUYHT7EHTWENYXFCDXT
Fortaleza Anejo 30mL,,29.0,29.0,THGWAQGFYWTS7BA3CTQWFUA6
Fortaleza Blanco 30mL,,22.0,21.0,RJE6VMW6H3RCHCUQJWXBPX3E
Fortaleza Reposado 30mL,,25.0,24.0,VD6BU4UX5XNH46RYQLPVP7OP
Founding Fathers Flight,,39.0,38.0,M7EIDQEITSAY74Z6JOEP2TMX
Four Pillars 30mL,,14.0,14.0,H4JW54MVREVPPZZ5YEEO72FB
Freshwater Cerveza,Pint,15.0,15.0,4E364TLGYO72ELP4PXZBBUIK
Freshwater Cerveza,Schooner,12.0,12.0,PG6PSOWLIDSUJCD7YMQDFNIQ
Freshwater Hazy Pale,Pint,15.0,15.0,CLK7T42OVSL6E5DCUQ5IPPRI
Freshwater Hazy Pale,Schooner,12.0,12.0,5CBANNQOIZQXHSFRQZMJY4CP
Friday Lunch Beers,Balter Cerveza,7.0,7.0,ZE5EZ6EJ7ACSHZSFLM5B7ORN
Friday Lunch Beers,Heaps Normal Lager,7.0,7.0,J7WGE7DMBGLDATSIMLTZJ5MB
Friday Lunch Beers,Heaps Normal XPA,7.0,7.0,FASSTZ4DXIKIPT2J4X2TTS37
Friday Lunch Classic Marg,,7.0,7.0,LIGVB4KM5IMRG3V6LWJ5T2HA
Friday Lunch Jalapeno Marg,,7.0,7.0,6NRODGCOAKATIJER7BWEI5OF
Friday Lunch Prosecco,,7.0,7.0,6ICN72ZOWAD5WIEXVF5WR5E7
Friday Lunch Riesling,,7.0,7.0,H2F25JGR7WE4CFCXZALJ7FVO
Friday Lunch Rose,,7.0,7.0,X556EL2UXMQ6QI47T2AIYE5R
Friday Lunch SENSIBLE Marg,,7.0,7.0,PYXEROP3KPHFAWH7LK6PPXFZ
Friday Lunch Special,,42.0,42.0,K6FB4PJ2QG72THAHYCIJZDQN
Friday Lunch Tempranillo,,7.0,7.0,FB4CQMJ5YHKJDR5LJFT42OZT
Frogmore Creek Riesling,,93.0,92.0,5UMGIGYBI2EATJTXUAKMRREV
G4 Anejo,,34.0,33.0,XGCQSMLX2TAJSFCECF27ZDQD
G4 Blanco 30mL,,19.0,18.0,NHD74PJ2MAFFWC2VRTAYC46X
G4 Reposado 30mL,,22.0,21.0,5BD4KSWZIZEOUEBNO23R7D6L
Geoff Merrill 'Jacko's' Shiraz,750ml,89.0,80.0,2TNAY3HYMEZQTCMBRL2UIPSJ
Geoff Merrill Reserve Cab Sauv,,116.0,115.0,GWYADNLGRTX3M24A4N56T2SD
Giaconda 'Nantua Les Deux' Chardonnay,,215.0,210.0,BLRWO2AKVC53TVXYAQIAEG6K
Giant Steps Chardonnay,,182.0,180.0,N3Z2TAPU2DOHAIZTP6BJJLU6
Giant Steps Rose,,81.0,80.0,EMHLTD75GRWUFD4LOERK57SN
Giant Steps Syrah Carignan Grenache,,85.0,85.0,C53MPFMUGPCENQJIQYLA242U
Gift Card,,,,GCASSIMF25TAAUEXZBMFYFLY
Gilbert Sauvignon Blanc,150ml,18.0,17.0,WBQSBCE2ZQWK6TZVOPTMU3P5
Gilbert Sauvignon Blanc,250ml,29.0,28.0,PKAG4LT2KZOWKKEO6B3ZYWGI
Gilbert Sauvignon Blanc,750ml,84.0,83.0,LRQKMSE3NPYQGRKALHYN5CZ2
Ginger Spice,,23.0,22.0,LZPPUZNB2MLSJTB6CCAQSGQR
Glenfiddich 12yr 30mL,,18.0,18.0,LGKP3PACPURI7UW5UUAPPUPS
Gotas de Mar Albarino,150ml,19.0,18.0,DSCUYUEPYREFXZR7DGWDUUOF
Gotas de Mar Albarino,250ml,31.0,30.0,RBEU4PGD6AKPVZKBED4YWQJU
Gotas de Mar Albarino,750ml,86.0,85.0,J6LZGSQLGX5DOVIGRCHWKAVK
Gracias a Dios 30mL,,19.0,18.0,2465UMMNMWW4DST3L5QZ3PVM
Grazing Menu,Regular,49.0,49.0,DFXSW3R4UVVT2TJ2L6G5CEMX
Grazing Menu,Regular,49.0,49.0,ZL77VLRSAGNUZHCL6LS6ZZST
Green Leaf Salad,,17.0,16.0,7ZPM6AAEUFW6WIKQ3RZ6P5O5
Green Leaf Salad (1pp)*,,0.0,0.0,U7S4HZTXZT6EUVHWCDM5JHAM
Greystone Pinot Gris,,83.0,82.0,ONVD6J5DNVXAG4MEPBQQZ64N
Greywacke Sauvignon Blanc 375mL,,60.0,60.0,TGBSWGQFIIRD3EBRFV7TWJMT
Grosset 'Apiana' Fiano,,106.0,105.0,4WP3JFRVF3QWRY4FSA3HUQ2M
Grosset Polish Hill Riesling,,167.0,165.0,5TADO23VGQIGMEKSFLPGGGU6
Guacamole,,17.0,16.0,SACSVACEDXNYA3LWNL43V3XF
Guacamole (1pp)*,,0.0,0.0,I2BBFB6PJV6NIB46PLUTMU6F
Guacamole*,,0.0,0.0,HKE5AOCVDH56L4YBIIZOPAS6
Haddow & Dineen Pinot Noir,,137.0,135.0,VBMAUAJGVN4N6CGAU5K7GMQF
Heaps Normal Lager Can,Regular,10.0,10.0,R4FUT3X4YCZXOCRERNYJEKDV
Heaps Normal XPA Can,,10.0,10.0,IUIAIAL7NSANSDYOEE66C5CE
Helen's Hill 'Smuggler' Pinot Noir,150ml,29.0,29.0,PN2JOIWNLORLFDMMKGOCO6C3
Helen's Hill 'Smuggler' Pinot Noir,250ml,48.0,48.0,HAVIKQVYO4VTMLVPBZFNQOD6
Helen's Hill 'Smuggler' Pinot Noir,750ml,126.0,125.0,TRBIOXXPES6D44SO4B3CBGMR
Helen's Hill Pinot Noir 150mL*,,0.0,0.0,P6S6NFT2B6APNXCO63DTYBFJ
Hendricks 30mL,,12.0,12.0,W3NG4OK3FG2FEI7GBK5WLKKO
Herradura Anejo 30mL,,20.0,19.0,3MFZDZKTAC56S2FZVWTGVUL3
Herradura Plata 30mL,,16.0,15.0,N4FPQDRIKLACTHUGUNIJPIFR
Herradura Reposado 30mL,,18.0,17.0,H6O7Y4NTPY4CQGN6SBN2YO6P
Herradura Suprema Extra Anejo 30mL,,81.0,80.0,3PCXRG47Y2WW26YIFBW6ASTS
Herradura Ultra 30mL,,26.0,25.0,ZHVNVYPHVKWNB66R4MQNVE7H
Hickinbotham Cabernet Sauvignon,,80.0,80.0,HBEIY43XGPHJR4X34ARYOQOW
Hot Sauce,,0.0,0.0,HWKEIXIDXERMWJK6XZEU2QZI
Ilegal Anejo 30mL,,29.0,28.0,7J4ILEHP7NXMB3UCTU4ZMLSZ
Ilegal Joven 30mL,,19.0,18.0,OWLWECLK237J265R46Y2CLTO
Ilegal Reposado 30mL,,21.0,20.0,J3ILY3WKTDA627AVVHUX7WFB
Inama Soave Classico,,91.0,90.0,LLXG6X4W2AFZHC5JJ64E4EN3
Ingram Road Chardonnay,150ml,16.0,15.0,3XBRTTKHESCPBQ4WDMXYQ3EI
Ingram Road Chardonnay,250ml,26.0,25.0,6IMQCKFHCLFCMCY423HICMLO
Ingram Road Chardonnay,750ml,73.0,72.0,THS57CSGAPMUH37OOZO6PUGB
Jack Daniels 30mL (HOUSE),,11.0,11.0,GLYLYY6LTRVB5WNMQCA7NM6E
Jalapeno Margarita,,23.0,22.0,VIJ4ZUE4UK2ICYNFLAYR4N5T
Jameson 30mL,,11.0,11.0,PE3DYK3INUD26KWIN22KPFGR
Jean-Luc Jamet Syrah 'Valine',,190.0,188.0,2XONESTRWGNQMQJIJ4IVDH4Q
Juice Glass,,5.0,5.0,CZZB3HBK63CLY3WA7JN4HKVG
Katun Gin 30mL,,18.0,18.0,4OHK336PULGXCTIUKPQUELGO
Kendall Jackson Chardonnay,,105.0,105.0,3WIUR2G6C2ADF6MLKAU7XJJQ
Kids Apple Juice,,5.0,5.0,6DSZBZU4KI3FCHBOS76MMVNM
Kids Apple Juice*,Regular,0.0,0.0,7QQMF5XA7FL3FMR237CJWT55
Kids Beef Nachos,,13.0,13.0,M6IGNCDK6ZJKJSSWLSC6GD3L
Kids Beef Quesadilla,,13.0,13.0,4X65DUQ7QK2T2NQJYKWOERJT
Kids Cheese Quesadilla,,10.0,10.0,KG7MVBGMSJWNRH2OM42MTEU4
Kids Ice Cream,,5.0,5.0,VLLEGBV62L4FUEEVR5GEG6MK
Kids Icecream*,Regular,0.0,0.0,FM5KZ6F3LDH4WGSJJWDKC5FO
Kids Meal Deal,,17.0,17.0,AAC4IIYUFKDEK2H6DHZJ4X7J
Kingfish Ceviche,,33.0,32.0,5FQ2XLV5F7NF74HDIW73FWRZ
Kingfish Ceviche (1pp)*,Regular,0.0,0.0,NZPKAXT622YW5M77BASP23RK
Kingfish Ceviche*,,0.0,0.0,YG7YUA4OA3OEQWEXHNIZ65N7
Koch Ancestral Espadin 30mL,,20.0,19.0,CERJFMLDFMBRO4T4YLPXNS7U
Koch Arroqueno 30mL,,20.0,19.0,RI45V4O4ZT3AGJPR647PV3AW
Koch Mexicano 30mL,,20.0,19.0,LMNTIXO5JNSPHSPQDEA27RKJ
Koch Tepeztate 30mL,,20.0,19.0,J37ZLBGGUTEUJPTE5ZDSXUZB
La Grimas de Delores 30mL,,22.0,21.0,OXUZRGBBWSDEZDA27VGFQSIR
La Petit Mort 150mL*,,0.0,0.0,3FMY3JSHKRL2J3O6MOKQWHDK
La Petit Mort VMR,150mL,20.0,18.0,4BBWV4JO77EV4BAUKVYVUH6C
La Petit Mort VMR,250mL,33.0,30.0,ZQAOLFCBHVC2LHT2SFYAI26X
La Petit Mort VMR,750mL,93.0,92.0,BHF6CUAUXTFPTHMBJ654X32A
La Violetta 'Up!' Shiraz,,91.0,90.0,CYKD6TZKEECFJIDUIK5HEQD2
Last Word,,24.0,24.0,N2BKT67F4OQHOCEHW3MJWRT2
Last Word Mezcal,,24.0,24.0,WKWE6EINJV7R764DATP43PJS
Laurent Perrier Brut Rose,,325.0,320.0,XUEPJDZL3MIW7AM4IWGSUGUQ
Laurent Perrier La Cuve,,160.0,160.0,EHCNWUTPOQ6LZ5G7RZ6NZZ4U
Lemon Lime Bitters,,5.0,5.0,AT6LX6TLGKXYJACJQ2J5QCP3
Licor 43 30mL,,10.0,10.0,SMZALG7W6OSNSMN6DYB3IOQ4
Loic Mahe Chenin Blanc,,167.0,165.0,GVAXBPRQYSAQGIJSCOHE3J7J
Loimer 'Lenz' Riesling,,97.0,96.0,HV5WHTGQ4EZGWJBROWVNZWVW
Long Island Iced Tea,,24.0,24.0,PW2BANI4IYPJ7ZQV4FSBB3CE
Los Valles & Los Altos Flight,,40.0,40.0,XCDGY7PR6JELPBCD3BZOCWK4
Louis Jadot Bourgogne,150ml,36.0,NEW,LVK6UTV237O6MUARWUVAHZPV
Louis Jadot Bourgogne,250ml,58.0,NEW,6U2YHXEXUMC5DYVBS6DETWTF
Louis Jadot Bourgogne,750ml,142.0,140.0,NCOX4AC5R3VTMBYMWZBWSTVV
Louis Jadot Pouilly-Fuisse,,230.0,225.0,PCDZIRQD2G57ILZQS2P3ILTY
Madre Mezcal Ensamble 30mL,,18.0,17.0,KAZHNMUETKYU4ZEP2W5KD34Y
Madre Mezcal Espadin 30mL,,16.0,15.0,GTEPYZ2CJILJZGR6UDF55EXF
Maison Saint AIX Rose,,91.0,85.0,DHVUJZBPR3BBUYIQFP526VF4
Mallaluka Nero D'Avola,,76.0,75.0,QVB6ICT5ZOGVKFXAPOEPUJIE
Mango Grapefruit Fresca,,18.0,18.0,LPQD6BY7IAPJ4WJQ6IN3XCJJ
Manly Spirits Coffee Liqueur 30mL,,10.0,10.0,Y4PMH62BR63W2C6BWOUFGSOG
Manly Spirits Dry Gin 30mL (House),,10.0,10.0,TTL2YESHKEZ7XNBLVOIIMYOO
Manly Spirits Limoncello,Regular,10.0,10.0,DDEOGMY3MVGBMAC5FWISELVZ
Manly Spirits Spritz,,72.0,NEW,W47X5KNGHVYOC7OYEGIXVBTR
Manly Spirits Vodka 30mL (House),,10.0,10.0,5WEF4EHXBSDGNPKLHZ3NBZU7
Martini Gin,,22.0,22.0,535SVZGWLKKTVH7JSHMYFAKN
Martini Vodka,,22.0,22.0,WSU54Y4UHV4NGWJN73T3CDEU
Mezcal Machetazo 30mL,,16.0,15.0,EQS77D5V5YEP7WPACSCTERIX
Mezcal Tommy's,,24.0,23.0,E6J6VARL4NK4GUR6TNKGXYD5
Mezcal Verde 30mL,,15.0,14.0,AQHO7SY5M5COLGOCIK2PB57H
Mezcalita,,24.0,23.0,TEX2XSVYK3I2NZL2NFVJCYAO
Michelada,Regular,15.0,15.0,JAVH6VUK7KD667XNC2LFTWU7
Millionaire Margarita,,45.0,45.0,ZKXY4QKZXASY4WMHJ22IZITO
Mirasol,,20.0,19.0,GHL6JYHGTECFUVKS6ZXKG6ZO
Mixed Greens Salad*,,0.0,0.0,DXQOZYZJN67CIY6C6C4YGBIJ
Modelo Especial Bottle,,15.0,15.0,ADEU5Z2WFR67XH7IWPX7CSAS
Mojito,,22.0,22.0,TIHVWP3K2XMHHDYFKBV6AAVW
Moments of Clarity Riesling,150mL,16.0,15.0,ULGYFYZHBFV6M3UERE3F6INZ
Moments of Clarity Riesling,250mL,26.0,25.0,FZUDFWUQDICR5OPZ7IFCHBOM
Moments of Clarity Riesling,750mL,73.0,72.0,QQXH7JEDHZUFOMFGQKB6KYNI
Mon Tout 'Heydays' Chardonnay,,71.0,70.0,EUWLWNY6E5R4NDIKXU4YREIM
Mushroom Empanada (1pc),Mushroom Empanada (1pc),7.0,7.0,4N6FLQRXMXNWD6F3LEU5PJAK
Mushroom Empanada (1pc)*,Mushroom Empanada (1pc)*,0.0,0.0,SBZJIXEU77JVEIHOUVZBXVBW
Mushroom Empanadas,Mushroom Empanadas,22.0,21.0,BINZQB7DQJWQEWNRCYFLKHK5
Negroni,,24.0,24.0,LYBAMQUGUXSSXLWYFHVI43FV
Nick Spencer Gruner Veltliner,,89.0,88.0,XLH3SOX3SFA6ZLTXUFZVEFKN
Nielson Pinot Noir,,116.0,115.0,HEWNWX6LNKWWVFXAOGZKUXHN
Nopal Taco,Regular,9.0,8.0,6LXACTCYGK7MYKBHZSLFDHYC
Nopal Taco*,,0.0,0.0,ZNIWHU7KR2LHX7SBNLR2BRNS
Novum Pinot Noir,,121.0,120.0,DT2CRM6A3ZRPMJZEZG2VEDXG
Nuestra Soledad La Compania 30mL,,18.0,17.0,DRVBHIEGI7MIVLX4ZT4MPJZE
Nuestra Soledad Lachigui Mihuatlan 30mL,,19.0,18.0,UXMHRBSY7MYSWK5VYG2XDZV2
Nuestra Soledad San Baltazar 30mL,,18.0,17.0,IYD5LWLZEGYKDNTE4QGDWU72
Nuestra Soledad San Luis del Rio 30mL,,18.0,17.0,5WIKO3GY3ZQE5VTR6SOMCF5F
Nuestra Soledad Santiago Matatlan 30mL,,17.0,16.0,IA3O5WOHNBXE4L3F6D5MJLIW
Oaxacan Negroni,,25.0,24.0,Y5ONJFC7T5LJNXCFYDYD2CH2
Oaxacan Negroni (No Almond),,25.0,24.0,3T44FZV27LNMD5IAFISM35O6
Ocho Anejo 30mL,,24.0,23.0,JIFBJODGBGDBYS3D6JTKO4LE
Ocho Plata 30mL,,22.0,17.0,IJRASVIPPYPAELSF5CTCRDN2
Ocho Reposado 30mL,,23.0,21.0,6ICVSD242MPFCVWGCIEJM6BF
Octopus,,39.0,38.0,JBUP7LWV5RE6O7FDALRCT337
Octopus (1pp)*,Regular,0.0,0.0,CTN6257HYHP5YZGQHZIV3VPM
Octopus*,,0.0,0.0,6I6GKCUDWBAVSOFQ3T6IGHO5
Old Fashioned,,24.0,24.0,IZ3EKO2Z4SRNJ6XUIFIL6XB7
Pacifico Bottle,,17.0,17.0,BQNN7YDK346DBJK7GYBLCWY4
Paloma,,23.0,22.0,JJLIMWZK3DWMSOA6VDHUI263
Paloma Carafe,,72.0,NEW,WDP5G2POKNLSPG4AGBVRDLCZ
Papa Panda's Rising Riesling,,95.0,95.0,4CV6ZJYMFNKUOLQC72WNEVHR
Pasote Blanco 30mL,,25.0,24.0,QNYBTA335MDEFSOG4SNPRAFM
Patron Anejo 30mL,,18.0,17.0,2MHSK3YJRYO3DLIOS7W3H7RA
Patron El Cielo 30mL,,29.0,28.0,77OK6XF33JMRLGWKIC52NCH3
Patron Reposado 30mL,,16.0,15.0,TOZWOWQTMK2SCUF7GSRINR7N
Patron Silver 30mL,,14.0,13.0,O4II726THOZ2PK7H7EG2YKCP
Patron XO Café 30mL,,19.0,18.0,SFNHCRKHGEWZNTIW744KIJWA
Pavlova,Regular,19.0,18.0,XYQBYYVVAMOYZMEBJF55ZO2W
Pavlova*,Regular,0.0,0.0,IZ6GSTUWKMKUWLZ6DD6DPAQS
Paxton 'Elizabeth Jean' Shiraz,,225.0,220.0,ACMHYFILNY3UTUJR2C5VPQUP
Pink Lemonade,,5.0,5.0,HFMHI5FAT672GQDDVGNWKWHM
Pink Skies,,23.0,22.0,BEY5E5P5CX5J6FKTAGBBRT3S
Pisco Sour,,22.0,22.0,ZXVBT24LQV5PR3U3ORQL76M7
Poggio Anima 'Uriel' Grillo,,73.0,72.0,RUBDMQIXPJCUNETNJXZWO4E7
Pol Roger Brut Rose,,315.0,310.0,2LP6QCQ2AOBFYFLEDVVSYXGF
Polenta Fries (2pc)*,,0.0,0.0,6VPQBXLJP7RCRC2FANVOJWEJ
Polenta Fries*,,0.0,0.0,AM5F6GQZU6HZ5M3DEKBUNRUF
Polenta Parmesan Fries,,19.0,18.0,LTSNQDAXTAXM5WUA64UOCXBP
Polperro Pinot Gris,,75.0,75.0,WBYMZGCDRFVCOJE73LSBD3T3
Pornstar Margarita,,23.0,22.0,SDMTYT3VQU7B6QMJYZCMP54G
Prawn Tostada,,23.0,22.0,DQFINHP53X56V67QFOFASUSD
Prawn Tostada (1pp)*,Regular,0.0,0.0,QJULE5QDZD75QM4YWDTGFOMQ
Prawn Tostada*,,0.0,0.0,RMBABZIMW7E3DHMF225LWMXF
Purezza Sparkling Water,,6.0,6.0,T2ANQSYYECT2FGOA6V5QMCNP
R. Paulazzo Rose,150ml,16.0,15.0,44I5COF2TBWG67MTBBKLIFC4
R. Paulazzo Rose,250ml,26.0,25.0,GOY72S7CECJ2OSN4JLVLHJHG
R. Paulazzo Rose,750ml,73.0,72.0,KCLXUQY6IZDHZ5R3RH5BNLK3
RG Palom 2for$30,,30.0,30.0,RRPCPYCPY442X4RFWOGJ5W64
Ramos Pinto Duas Quintas Tinto,,96.0,95.0,XJK3C3FXCRGCGGW2M65Z3WI5
Razzle Bazzle,,22.0,22.0,DCFPBPU6QNG27RVNESC7VRSO
Red Claw Pinot Noir,150ml,19.0,18.0,HTEVGAW337L6YLBISVG6LTBD
Red Claw Pinot Noir,250ml,31.0,30.0,PXJ24JBXG6FCUPGNEGLUE4TU
Red Claw Pinot Noir,750ml,86.0,85.0,LBJHYTPZJCMDAXQEJXISAATW
Rhubarb Grapefruit Paloma,,23.0,20.0,LCCOTQDUIMU4WSWW34UL53HI
Roast Chicken,,43.0,42.0,B2XQAJ5JJSGE4DHSYFOLO5KE
Roast Chicken (1pp)*,Regular,0.0,0.0,BXWQXWJFSRDYAD2NFZYUTCNX
Roast Chicken*,,0.0,0.0,YBZ3CLMHY56YIPOSKVCF6ZMG
Ron Santiago de Cuba 8yo 30mL,Regular,14.0,14.0,ZV3D4L73OVOGA6CBKGBNKVNW
Ron Santiago de Cuba Blanca 30mL,Regular,11.0,11.0,T7K7ZME7QFQ7QSECH5RFWEFZ
Rosso Antico (60mL),,12.0,12.0,T6BBEC4U4HPYNIO7O4XNNKAU
Rusden Black Guts Shiraz 375mL,,60.0,60.0,2KOXRAZOAY4FDN5YFMQ4OBWI
SENSIBLE Margarita,,18.0,18.0,PNCMN2CRR2OEZ7NO4LUH2GMC
Sabi Wabi Sugi Semillon,,77.0,76.0,2MLCXSJJNZJBV5SNL5O47GCR
San Cosme 30mL,,15.0,14.0,OW5MH4Z7N2D7EI37FHEGOB33
Sandrone le Vigne Barolo,,660.0,650.0,JRJO465VWGXQYB3D4N72H6LR
Serenello Prosecco,125ml,17.0,15.0,Y5FM42QMKWXRC2QVOFCWVTQ3
Serenello Prosecco,750ml,76.0,75.0,NWWRTRWIO3P2TXOD42F6SHZR
Shaw & Smith M3 Chardonnay,,132.0,130.0,Y2GYCP53PQ6V4QWA6M777EVE
Shaw & Smith Pinot Noir,,132.0,NEW,LUCGXSRF7KSSXG27KCJFTV3N
Shut The Gate Gewurztraminer,150ml,17.0,16.0,YJBEM57XIHFGT727WRUYOM3G
Shut The Gate Gewurztraminer,250ml,27.0,26.0,ANZZCX7N7K2ODKSNPYOSQJQ7
Shut The Gate Gewurztraminer,750ml,76.0,75.0,EEHA566BI4QSLLPI6MAT62B7
Siete Leguas Blanco 30mL,,22.0,21.0,TBPTUPLJTLO5IXMHLX5L6TK4
Siete Misterios Doba Yej 30mL,,16.0,15.0,PNAOP2KHFW2HWBQG74KQD747
Smallfry 'Vinevale Estate' Shiraz,,97.0,96.0,HVJPWBQ6KFQRVFC6L7KPI7NH
Snapper,,40.0,39.0,ZE762TPNZ4SWFLAT7QCKRNKC
Snapper (1pp)*,,0.0,0.0,LTTEAJ2KKSMRI3W6SVOOG6YH
Snapper*,,0.0,0.0,JGRFLSAE2B5QCFCAK2GWYDBP
Soda Lime Bitters,,5.0,5.0,C2LY6V4R5KGNOBFUYMSO56RF
Southside,,22.0,22.0,ZWT7QYGUTS5W53YITTCRW3EX
Sparkling Glass,,3.0,3.0,RCSJLA3QMDSRWT6IIMWNF3LX
Sprite,,5.0,5.0,OBFATKYRLMLHV4VHY7UQ5RZ2
St Alma Selects Flight,,42.0,45.0,6T4D5MFMSQDN63FTZSZZGBFZ
Stephane Brocard Chablis 1er Cru,,197.0,195.0,45PG5BYGP3OPQ6Y7EBD2XW73
Stephane Brocard Gevrey-Chambertin,,325.0,320.0,2A5FGCB4YNF3YNCYGZUJX3CC
Strangelove Double Ginger Beer,,11.0,11.0,KQFVOTT2ZVCRGT5UPHSDR4MT
Strangelove Lemon Squash,,11.0,11.0,ZNBW6CX4OH3J7TD2Z3EPM5CT
Strangelove Very Mandarin,,11.0,11.0,KAFKKYXYISB52WOXXQX5MV6M
Strangelove Yuzu Soda,,11.0,11.0,X3I4LKLXRPSNCLI5RXPWCGXW
Strawberry Habanero Sour,,23.0,22.0,7T64DJFCGENGPAXBZAJKRZEK
Surco Cabernet Sauvignon,,101.0,100.0,WQOE2NSRTV5KXLT5RS4C2PXC
Taco Special,Regular,8.0,8.0,ZCPG5WV4ONSLTWQHEOLBUUPM
Taittinger Brut Reserve,150ml,34.0,NEW,VHZFJJX4LQRKKRD3LSUAGAAO
Taittinger Brut Reserve,375ml,96.0,NEW,N5HJGNF5KCBLFKTGJBJPFA6O
Taittinger Brut Reserve,750ml,162.0,NEW,N3UYH6TE53RYZRUHHRASESWO
Tapatio Blanco 30mL,,21.0,20.0,TVLKJA2UN2CAPLMT3VDPNZWL
Tapatio Reposado 30mL,,23.0,22.0,3OEPQ32PNBM575SPAOO2RA25
Te Mata 'Elston' Chardonnay,,132.0,130.0,YBFNUCCLUTYRTIOQMSPNAZX3
Tenuta de Arceno Chianti Classico,,90.0,90.0,FV37JIFTMK4C2S4KJUUI73EE
Terralta Blanco 30mL,,20.0,19.0,5FDCHZT64MJHPB6XVDXYMQ7T
Teusner 'Big Jim' Shiraz,,125.0,124.0,F62XC3OK3DYPKE4QWI3RLGYZ
Teusner 'Righteous FG' Shiraz,,400.0,395.0,KRBVBXE6LNJIPTMYDNV5ZNZS
Teusner 'The G' Grenache,,75.0,75.0,DIPPE5PCAI3OWHXQTAMEHX7B
Teusner 'Wark Family' Shiraz,,76.0,76.0,7XMUAW27XZLLWRTJHNE5WX3V
The Gaucho Club Malbec,,60.0,60.0,MRR7FKMAIWBTTXNA4PFRTYK6
The Other Wine Co Arinto,,60.0,60.0,DJVQGGETZDVT3CFNZ5A7OCEB
Thorin Macon Villages,,91.0,90.0,TDQIWZGA7CIVKEKQEHO34GRB
Tolpuddle Chardonnay,,395.0,280.0,IIC2V2EEQHF5ETBYTEW7L2AT
Tommy's Margarita,,23.0,22.0,6DLSBIB4ZDQSN7ATXJ6DAUES
Torbreck 'The Factor' Shiraz,,295.0,295.0,T5WIV3UE2GPTRYR7L76HP53A
Tres Agaves 30mL,,15.0,14.0,76BX567SPXOPOPZSG45PPB6G
Tromba Anejo 30mL,,21.0,20.0,VONCAWX3UDJSMQKYBUBYM4GJ
Tromba Reposado 30mL,,18.0,15.0,2WFOJWFDAGYP55EM3XS56CDY
Trutta Pinot Gris,,83.0,82.0,UHXPA4UEITT4ISBONAWK43OB
Utopos Cabernet Sauvignon,,152.0,150.0,W3ZRFKJKA7DM3FY6GTCT4N7S
Utopos Shiraz,150ml,39.0,38.0,AZWS62X2ZBOZHJTSAIWTLOB7
Utopos Shiraz,250ml,61.0,60.0,D4PU5OMTXI44W5VKDHISMTTM
Utopos Shiraz,750ml,152.0,150.0,T2II2IJEPAFPUQAW4I23PJ3I
Vandal Gonzo Combat Rouge (Red),,71.0,70.0,UJO236WIYWQAQCCYMB5HRGBQ
Vandal Gonzo Militia (White),,71.0,70.0,4TYDH66HKF3VOZS2PY5ABNQO
Vanguardist 'Field' GSM,150ml,25.0,NEW,3SNTKCNWTCJFHE5MO5QZ5XAJ
Vanguardist 'Field' GSM,250ml,37.0,NEW,EW7EV2GSG2WD5NUZWTND2TAZ
Vanguardist 'Field' GSM,750ml,100.0,99.0,GE4CZ4D5PFJBKEDDHGZZBKQX
Vegan Option*,,0.0,0.0,42V5ADQ4ZUDWGHIMLSHWPCH2
Vegetarian Starter,,,,JCMSFF7L5KBWTWLX5W66KK5T
Vegetarian Starter,,,,L2D5GSHD7LMH4PMEYGXIRZMM
Vegetarian Starter*,,0.0,0.0,YTFAFUZH3WTUQVKZVDVL6ALO
Villa Albergotti Chianti,150ml,18.0,17.0,FQURX54PVZPKIJOGROVPO2ZX
Villa Albergotti Chianti,250ml,29.0,28.0,ZXI6CFW3ECQHGZEOKVFI2MRX
Villa Albergotti Chianti,750ml,83.0,82.0,FDOCNUPCCHV43LGB2RMVMC6I
Vinden 'Headcase' Semillon,,83.0,82.0,CUITLNDIV4FLPXOY7WSFONCP
Volans Blanco 30mL,,20.0,19.0,UFN6NRIKQQNY4DHD2M3QULQ5
Volans Extra Anejo 30mL,,37.0,36.0,TOH6INZ27HRK6TQV7R3TFWN5
Watermelon SPRITZ,,18.0,18.0,57T2FDU7CZP3GGKEQLIBQSL3
Weekend - Bottomless Lunch Drinks,Regular,45.45,45.45,BKO373RT7MGZJLZJ3GGE3P4W
Weekend - Bottomless Lunch Food,Regular,44.55,44.55,HIHZMU4BGOD7ZRXR2OVO5A7M
Weingut Huls Riesling,,89.0,88.0,I5JXI42UR44D2JXHHUDMHSNN
Wendouree Cabernet Malbec,Regular,790.0,780.0,6L73Z2J7RM2BZDAEW5ROQKC3
Whiskey Sour,,22.0,22.0,MIPXK3IC4O2OFF2FJZZZT3YQ
Wine Pairing - Premium,,55.0,55.0,3ZW7M6B4UBBMI5DFJL4SEE2W
Wine Pairing - Standard,,30.0,30.0,5IRFGS5LRW3VTRPAZ4YEVOZW
Winmark 'Rusty's Run' Chardonnay,,60.0,60.0,D72UKT6FC45NUQS2XZDZKSNL
Woodford Reserve 30mL,,13.0,13.0,CFUIGBYFNG4E4IG2G2AM4KWF
Yalumba 'The Reserve' Cab Shiraz,,400.0,395.0,ZYQGTTVBR5BPW6OEPAKJ3V4O
Yangarra 'Circle' Shiraz,150ml,17.0,16.0,AAFKSR66WH24LUZFWVXSCDAY
Yangarra 'Circle' Shiraz,250ml,27.0,26.0,WKVP7NIG5I36TNYFUD65WEGS
Yangarra 'Circle' Shiraz,750ml,76.0,75.0,MFDKHKZQSZJDXQC43WE7IVPV
i Lauri Pecorino,,81.0,80.0,4JCR2Q7ULAUB3BV5AIEFARKE
i Lauro 'TAVO' Pinot Grigio,,75.0,74.0,SJP4OY3Y234ITSRRX62S6L4A
