venue,system,section,pdf_item,square_item,square_variation,old_price,new_price,status,note
St Alma,Square,Food · To start,Guacamole,Guacamole,,16.0,17.0,PRICE CHANGE,
St Alma,Square,Food · To start,Kingfish ceviche,Kingfish Ceviche,,32.0,33.0,PRICE CHANGE,
St Alma,Square,Food · To start,Prawn tostada,Prawn Tostada,,22.0,23.0,PRICE CHANGE,
St Alma,Square,Food · To start,Chicken tinga empanadas,Chicken Tinga Empanadas,,21.0,22.0,PRICE CHANGE,
St Alma,Square,Food · To start,Mushroom carnita empanadas,Mushroom Empanadas,Mushroom Empanadas,21.0,22.0,PRICE CHANGE,
St Alma,Square,Food · Tacos,Barramundi taco,Barramundi Taco Battered,,8.0,9.0,PRICE CHANGE,Square keeps battered/grilled variants; both = $9
St Alma,Square,Food · Tacos,Barramundi taco,Barramundi Taco Grilled,,8.0,9.0,PRICE CHANGE,Square keeps battered/grilled variants; both = $9
St Alma,Square,Food · Tacos,Beef birria taco,Beef Birria Taco,,8.0,9.0,PRICE CHANGE,
St Alma,Square,Food · Tacos,Nopal taco,Nopal Taco,Regular,8.0,9.0,PRICE CHANGE,
St Alma,Square,Food · Tacos,Chorizo and potato taco,Chorizo Taco,Regular,8.0,9.0,PRICE CHANGE,
St Alma,Square,Food · From the grill,Grilled snapper,Snapper,,39.0,40.0,PRICE CHANGE,
St Alma,Square,Food · From the grill,Roasted cabbage,Cabbage,,32.0,33.0,PRICE CHANGE,
St Alma,Square,Food · From the grill,Grilled octopus,Octopus,,38.0,39.0,PRICE CHANGE,
St Alma,Square,Food · From the grill,Roast chicken,Roast Chicken,,42.0,43.0,PRICE CHANGE,
St Alma,Square,Food · From the grill,Agave beef short rib,Agave Beef Short Ribs,,48.0,49.0,PRICE CHANGE,
St Alma,Square,Food · Sides,Polenta and Parmesan fries,Polenta Parmesan Fries,,18.0,19.0,PRICE CHANGE,
St Alma,Square,Food · Sides,Roasted baby beetroot,Baby Beetroots,,19.0,20.0,PRICE CHANGE,
St Alma,Square,Food · Sides,Green leaf salad,Green Leaf Salad,,16.0,17.0,PRICE CHANGE,
St Alma,Square,Food · Sides,Broccolini,Broccolini,,19.0,20.0,PRICE CHANGE,
St Alma,Square,Food · Sweet,Dairy free pavlova,Pavlova,Regular,18.0,19.0,PRICE CHANGE,
St Alma,Square,Food · Sweet,Churros,Churros,,18.0,19.0,PRICE CHANGE,
St Alma,Square,Food · Trust our chef,Grazing (pp),Grazing Menu,Regular,49.0,49.0,NO CHANGE,two Square items carry this name (pre-existing duplicate)
St Alma,Square,Food · Trust our chef,Grazing (pp),Grazing Menu,Regular,49.0,49.0,NO CHANGE,two Square items carry this name (pre-existing duplicate)
St Alma,Square,Food · Trust our chef,Feasting (pp),Feasting Menu,Regular,79.0,79.0,NO CHANGE,"also ""Feasting $79pp"" in Set Menu (pre-existing duplicate)"
St Alma,Square,Food · Trust our chef,Feasting (pp),Feasting $79pp,,79.0,79.0,NO CHANGE,duplicate of Feasting Menu
St Alma,Square,Food · Trust our chef,Agave pairing (pp),,,,45.0,NEW ITEM,beverage-oriented package; not in Square
St Alma,Square,Drinks · Cocktails,Classic Margarita,Classic Margarita,,22.0,23.0,PRICE CHANGE,
St Alma,Square,Drinks · Cocktails,Jalapeño Margarita,Jalapeno Margarita,,22.0,23.0,PRICE CHANGE,
St Alma,Square,Drinks · Cocktails,Tommy's Margarita,Tommy's Margarita,,22.0,23.0,PRICE CHANGE,
St Alma,Square,Drinks · Cocktails,Pornstar Margarita,Pornstar Margarita,,22.0,23.0,PRICE CHANGE,
St Alma,Square,Drinks · Cocktails,Coconut Margarita,Coconut Margarita,,22.0,23.0,PRICE CHANGE,
St Alma,Square,Drinks · Cocktails,Mezcal Tommy's,Mezcal Tommy's,,23.0,24.0,PRICE CHANGE,
St Alma,Square,Drinks · Cocktails,Mezcalita,Mezcalita,,23.0,24.0,PRICE CHANGE,
St Alma,Square,Drinks · Cocktails,Classic Paloma,Paloma,,22.0,23.0,PRICE CHANGE,
St Alma,Square,Drinks · Cocktails,Rhubarb Grapefruit Paloma,Rhubarb Grapefruit Paloma,,20.0,23.0,PRICE CHANGE,
St Alma,Square,Drinks · Cocktails,"Beach, Please","Beach, Please",,22.0,23.0,PRICE CHANGE,
St Alma,Square,Drinks · Cocktails,Pink Skies,Pink Skies,,22.0,23.0,PRICE CHANGE,
St Alma,Square,Drinks · Cocktails,Strawberry Habanero Sour,Strawberry Habanero Sour,,22.0,23.0,PRICE CHANGE,
St Alma,Square,Drinks · Cocktails,Ginger Spice,Ginger Spice,,22.0,23.0,PRICE CHANGE,
St Alma,Square,Drinks · Cocktails,Oaxacan Negroni,Oaxacan Negroni,,24.0,25.0,PRICE CHANGE,
St Alma,Square,Drinks · Cocktails,Oaxacan Negroni (no almond variant),Oaxacan Negroni (No Almond),,24.0,25.0,PRICE CHANGE,
St Alma,Square,Drinks · Cocktails,Don Elote,Don Elote,,24.0,25.0,PRICE CHANGE,
St Alma,Square,Drinks · Cocktails,Espresso Martini,Espresso Martini,,22.0,23.0,PRICE CHANGE,
St Alma,Square,Drinks · Cocktails,Paloma Carafe (serves three),,,,72.0,NEW ITEM,on-tap carafe; not in Square
St Alma,Square,Drinks · Cocktails,Manly Spirits Spritz (serves three),,,,72.0,NEW ITEM,on-tap carafe; not in Square
St Alma,Square,Drinks · Low & no,Mirasol,Mirasol,,19.0,20.0,PRICE CHANGE,
St Alma,Square,Drinks · Low & no,Aperol(ish) Spritz,Aperol (ISH) Spritz,,20.0,20.0,NO CHANGE,
St Alma,Square,Drinks · Low & no,Sensible Margarita,SENSIBLE Margarita,,18.0,18.0,NO CHANGE,
St Alma,Square,Drinks · Low & no,Mango and Grapefruit Fresca,Mango Grapefruit Fresca,,18.0,18.0,NO CHANGE,
St Alma,Square,Drinks · Low & no,Watermelon Spritz,Watermelon SPRITZ,,18.0,18.0,NO CHANGE,
St Alma,Square,Drinks · Low & no,Apple & Jalapeño Fresca,Apple Jalapeno Fresca,,18.0,18.0,NO CHANGE,
St Alma,Square,Drinks · Beer & cider,Corona 4.5%,Corona Bottle,,12.0,13.0,PRICE CHANGE,
St Alma,Square,Drinks · Beer & cider,Modelo Especial 4.4%,Modelo Especial Bottle,,15.0,15.0,NO CHANGE,
St Alma,Square,Drinks · Beer & cider,Balter Cerveza 4.0%,Balter Cerveza,,12.0,13.0,PRICE CHANGE,
St Alma,Square,Drinks · Beer & cider,Balter XPA 5.0%,Balter XPA Can,,14.0,13.0,PRICE CHANGE,
St Alma,Square,Drinks · Beer & cider,Batlow Cloudy Apple Cider 4.2%,Batlow Cider Can,,12.0,13.0,PRICE CHANGE,
St Alma,Square,Drinks · Beer & cider,Heaps Normal Quiet XPA <0.5%,Heaps Normal XPA Can,,10.0,10.0,NO CHANGE,
St Alma,Square,Drinks · Beer & cider,Heaps Normal Another Lager <0.5%,Heaps Normal Lager Can,Regular,10.0,10.0,NO CHANGE,
St Alma,Square,Drinks · Tasting flights,Discover El Tequileño 1959,Discover El Tequileno Flight,Regular,45.0,46.0,PRICE CHANGE,
St Alma,Square,Drinks · Tasting flights,The Founding Fathers of Tequila,Founding Fathers Flight,,38.0,39.0,PRICE CHANGE,
St Alma,Square,Drinks · Tasting flights,"Añejo, the Art of Ageing",Anejo Aging Flight,,46.0,47.0,PRICE CHANGE,
St Alma,Square,Drinks · Tasting flights,Espadín Mezcal,Espadin Mezcal Flight,,42.0,33.0,PRICE CHANGE,
St Alma,Square,Drinks · Tasting flights,"El Pandillo, Don Felipe Camarena",El Pandillo Flight,,49.0,49.0,NO CHANGE,
St Alma,Square,Drinks · Tasting flights,St Alma Selects,St Alma Selects Flight,,45.0,42.0,PRICE CHANGE,
St Alma,Square,Drinks · Tequila (30 mL),Alquimia Blanco,Alquimia Blanco 30mL,,22.0,23.0,PRICE CHANGE,
St Alma,Square,Drinks · Tequila (30 mL),Arette Blanco,Arette Blanco 30mL,,13.0,14.0,PRICE CHANGE,
St Alma,Square,Drinks · Tequila (30 mL),Arette Reposado,Arette Reposado 30mL,,15.0,16.0,PRICE CHANGE,
St Alma,Square,Drinks · Tequila (30 mL),Arette Suave Artesanal Blanco,Arette Suave Blanco 30mL,,23.0,24.0,PRICE CHANGE,
St Alma,Square,Drinks · Tequila (30 mL),ArteNOM 1579,ArteNom 1579 30mL,,20.0,21.0,PRICE CHANGE,
St Alma,Square,Drinks · Tequila (30 mL),G4 Blanco,G4 Blanco 30mL,,18.0,19.0,PRICE CHANGE,
St Alma,Square,Drinks · Tequila (30 mL),G4 Reposado,G4 Reposado 30mL,,21.0,22.0,PRICE CHANGE,
St Alma,Square,Drinks · Tequila (30 mL),G4 Añejo,G4 Anejo,,33.0,34.0,PRICE CHANGE,
St Alma,Square,Drinks · Tequila (30 mL),Terralta Blanco,Terralta Blanco 30mL,,19.0,20.0,PRICE CHANGE,
St Alma,Square,Drinks · Tequila (30 mL),Pasote Blanco,Pasote Blanco 30mL,,24.0,25.0,PRICE CHANGE,
St Alma,Square,Drinks · Tequila (30 mL),Volans Blanco,Volans Blanco 30mL,,19.0,20.0,PRICE CHANGE,
St Alma,Square,Drinks · Tequila (30 mL),Volans Extra Añejo,Volans Extra Anejo 30mL,,36.0,37.0,PRICE CHANGE,
St Alma,Square,Drinks · Tequila (30 mL),Calle 23 Blanco,Calle 23 Blanco 30mL,,13.0,14.0,PRICE CHANGE,
St Alma,Square,Drinks · Tequila (30 mL),Calle 23 Reposado,Calle 23 Reposado 30mL,,15.0,16.0,PRICE CHANGE,
St Alma,Square,Drinks · Tequila (30 mL),Cascahuín Blanco,Cascahuin Blanco 30mL,,14.0,16.0,PRICE CHANGE,
St Alma,Square,Drinks · Tequila (30 mL),Cascahuín Reposado,Cascahuin Reposado 30mL,,18.0,19.0,PRICE CHANGE,
St Alma,Square,Drinks · Tequila (30 mL),Cascahuín Añejo,Cascahuin Anejo 30mL,,20.0,21.0,PRICE CHANGE,
St Alma,Square,Drinks · Tequila (30 mL),Código 1530 Rosa Blanco,Codigo 1530 Rosa Blanco 30mL,,23.0,24.0,PRICE CHANGE,
St Alma,Square,Drinks · Tequila (30 mL),Don Julio Blanco,Don Julio Blanco 30mL,,20.0,21.0,PRICE CHANGE,
St Alma,Square,Drinks · Tequila (30 mL),Don Julio Reposado,Don Julio Reposado 30mL,,22.0,23.0,PRICE CHANGE,
St Alma,Square,Drinks · Tequila (30 mL),Don Julio Añejo,Don Julio Anejo 30mL,,25.0,26.0,PRICE CHANGE,
St Alma,Square,Drinks · Tequila (30 mL),Don Julio 1942,Don Julio 1942 30mL,Regular,38.0,39.0,PRICE CHANGE,
St Alma,Square,Drinks · Tequila (30 mL),Ocho Plata,Ocho Plata 30mL,,17.0,22.0,PRICE CHANGE,
St Alma,Square,Drinks · Tequila (30 mL),Ocho Reposado,Ocho Reposado 30mL,,21.0,23.0,PRICE CHANGE,
St Alma,Square,Drinks · Tequila (30 mL),Ocho Añejo,Ocho Anejo 30mL,,23.0,24.0,PRICE CHANGE,
St Alma,Square,Drinks · Tequila (30 mL),Herradura Plata,Herradura Plata 30mL,,15.0,16.0,PRICE CHANGE,
St Alma,Square,Drinks · Tequila (30 mL),Herradura Reposado,Herradura Reposado 30mL,,17.0,18.0,PRICE CHANGE,
St Alma,Square,Drinks · Tequila (30 mL),Herradura Añejo,Herradura Anejo 30mL,,19.0,20.0,PRICE CHANGE,
St Alma,Square,Drinks · Tequila (30 mL),Herradura Ultra,Herradura Ultra 30mL,,25.0,26.0,PRICE CHANGE,
St Alma,Square,Drinks · Tequila (30 mL),Herradura Suprema Extra Añejo,Herradura Suprema Extra Anejo 30mL,,80.0,81.0,PRICE CHANGE,
St Alma,Square,Drinks · Tequila (30 mL),El Tesoro Blanco,El Tesoro Blanco 30mL,,22.0,23.0,PRICE CHANGE,
St Alma,Square,Drinks · Tequila (30 mL),El Tesoro Reposado,El Tesoro Reposado 30mL,,23.0,24.0,PRICE CHANGE,
St Alma,Square,Drinks · Tequila (30 mL),Tapatío Blanco,Tapatio Blanco 30mL,,20.0,21.0,PRICE CHANGE,
St Alma,Square,Drinks · Tequila (30 mL),Tapatío Reposado,Tapatio Reposado 30mL,,22.0,23.0,PRICE CHANGE,
St Alma,Square,Drinks · Tequila (30 mL),Fortaleza Blanco,Fortaleza Blanco 30mL,,21.0,22.0,PRICE CHANGE,
St Alma,Square,Drinks · Tequila (30 mL),Fortaleza Reposado,Fortaleza Reposado 30mL,,24.0,25.0,PRICE CHANGE,
St Alma,Square,Drinks · Tequila (30 mL),El Tequileño 1959 Platinum,El Tequileno Platinum 30mL,,16.0,17.0,PRICE CHANGE,
St Alma,Square,Drinks · Tequila (30 mL),El Tequileño 1959 Gran Reserva Reposado,El Tequileno Reserva Reposado 30mL,,17.0,18.0,PRICE CHANGE,
St Alma,Square,Drinks · Tequila (30 mL),El Tequileño 1959 Añejo,El Tequileno Anejo 30mL,,25.0,26.0,PRICE CHANGE,
St Alma,Square,Drinks · Tequila (30 mL),El Tequileño 1959 Reposado Rare,El Tequileno Reposado Rare 30mL,,49.0,50.0,PRICE CHANGE,
St Alma,Square,Drinks · Tequila (30 mL),Patrón Silver,Patron Silver 30mL,,13.0,14.0,PRICE CHANGE,
St Alma,Square,Drinks · Tequila (30 mL),Patrón Reposado,Patron Reposado 30mL,,15.0,16.0,PRICE CHANGE,
St Alma,Square,Drinks · Tequila (30 mL),Patrón Añejo,Patron Anejo 30mL,,17.0,18.0,PRICE CHANGE,
St Alma,Square,Drinks · Tequila (30 mL),Patrón El Cielo,Patron El Cielo 30mL,,28.0,29.0,PRICE CHANGE,
St Alma,Square,Drinks · Tequila (30 mL),Patrón XO Café,Patron XO Café 30mL,,18.0,19.0,PRICE CHANGE,
St Alma,Square,Drinks · Tequila (30 mL),Siete Leguas Blanco,Siete Leguas Blanco 30mL,,21.0,22.0,PRICE CHANGE,
St Alma,Square,Drinks · Tequila (30 mL),Tromba Reposado,Tromba Reposado 30mL,,15.0,18.0,PRICE CHANGE,
St Alma,Square,Drinks · Tequila (30 mL),Tromba Añejo,Tromba Anejo 30mL,,20.0,21.0,PRICE CHANGE,
St Alma,Square,Drinks · Tequila (30 mL),Tres Agaves,Tres Agaves 30mL,,14.0,15.0,PRICE CHANGE,
St Alma,Square,Drinks · Mezcal (30 mL),Aguas Mansas 45% Santiago Matatlán,Aguas Mansas,Regular,12.0,13.0,PRICE CHANGE,
St Alma,Square,Drinks · Mezcal (30 mL),Mezcal Verde 42% Tlacolula,Mezcal Verde 30mL,,14.0,15.0,PRICE CHANGE,
St Alma,Square,Drinks · Mezcal (30 mL),El Jolgorio Espadín 47.8% San Luis del Río,El Jolgorio Espadin (Green) 30mL,,31.0,32.0,PRICE CHANGE,
St Alma,Square,Drinks · Mezcal (30 mL),El Jolgorio Pechuga 48% Santiago Matatlán,El Jolgorio Pechuga (Yellow),,54.0,55.0,PRICE CHANGE,
St Alma,Square,Drinks · Mezcal (30 mL),Nuestra Soledad 47% San Luis del Río,Nuestra Soledad San Luis del Rio 30mL,,17.0,18.0,PRICE CHANGE,
St Alma,Square,Drinks · Mezcal (30 mL),Nuestra Soledad 47% Santiago Matatlán,Nuestra Soledad Santiago Matatlan 30mL,,16.0,17.0,PRICE CHANGE,
St Alma,Square,Drinks · Mezcal (30 mL),"Nuestra Soledad 47% La Compañía, Ejutla",Nuestra Soledad La Compania 30mL,,17.0,18.0,PRICE CHANGE,
St Alma,Square,Drinks · Mezcal (30 mL),Nuestra Soledad 47% San Baltazar Guelavila,Nuestra Soledad San Baltazar 30mL,,17.0,18.0,PRICE CHANGE,
St Alma,Square,Drinks · Mezcal (30 mL),Nuestra Soledad 47% Lachigui Mihuatlán,Nuestra Soledad Lachigui Mihuatlan 30mL,,18.0,19.0,PRICE CHANGE,
St Alma,Square,Drinks · Mezcal (30 mL),Siete Misterios Doba Yej 44%,Siete Misterios Doba Yej 30mL,,15.0,16.0,PRICE CHANGE,
St Alma,Square,Drinks · Mezcal (30 mL),Koch El Mezcal Ancestral 47.12% Sola de Vega,Koch Ancestral Espadin 30mL,,19.0,20.0,PRICE CHANGE,
St Alma,Square,Drinks · Mezcal (30 mL),San Cosme Mezcal 40%,San Cosme 30mL,,14.0,15.0,PRICE CHANGE,
St Alma,Square,Drinks · Mezcal (30 mL),Madre Mezcal 40% Espadín,Madre Mezcal Espadin 30mL,,15.0,16.0,PRICE CHANGE,
St Alma,Square,Drinks · Mezcal (30 mL),Ilegal Joven 40%,Ilegal Joven 30mL,,18.0,19.0,PRICE CHANGE,
St Alma,Square,Drinks · Mezcal (30 mL),Ilegal Reposado 40%,Ilegal Reposado 30mL,,20.0,21.0,PRICE CHANGE,
St Alma,Square,Drinks · Mezcal (30 mL),Ilegal Añejo 40%,Ilegal Anejo 30mL,,28.0,29.0,PRICE CHANGE,
St Alma,Square,Drinks · Mezcal (30 mL),Gracias a Dios 45%,Gracias a Dios 30mL,,18.0,19.0,PRICE CHANGE,
St Alma,Square,Drinks · Mezcal (30 mL),Aprendiz 45% (Ensemble),Aprendiz 30mL,,25.0,26.0,PRICE CHANGE,
St Alma,Square,Drinks · Mezcal (30 mL),Madre Mezcal 45% Espadín & Cuishe (Ensemble),Madre Mezcal Ensamble 30mL,,17.0,18.0,PRICE CHANGE,
St Alma,Square,Drinks · Mezcal (30 mL),Bruxo No. 2 46%,Bruxo No. 2 30mL,,18.0,19.0,PRICE CHANGE,
St Alma,Square,Drinks · Mezcal (30 mL),Bruxo No. 4 46%,Bruxo No. 4 30mL,,18.0,19.0,PRICE CHANGE,
St Alma,Square,Drinks · Mezcal (30 mL),Bruxo X 40%,Bruxo X 30mL,,15.0,16.0,PRICE CHANGE,
St Alma,Square,Drinks · Mezcal (30 mL),"El Jolgorio Mexicano 47% La Compañía, Ejutla",El Jolgorio Mexicano (Brown) 30mL,,39.0,40.0,PRICE CHANGE,
St Alma,Square,Drinks · Mezcal (30 mL),Koch El Mezcal Mexicano 46.98% Río de Ejutla,Koch Mexicano 30mL,,19.0,20.0,PRICE CHANGE,
St Alma,Square,Drinks · Mezcal (30 mL),El Jolgorio Tepextate 48% San Luis del Río,El Jolgorio Tepeztate (Blue) 30mL,,52.0,53.0,PRICE CHANGE,
St Alma,Square,Drinks · Mezcal (30 mL),Koch El Mezcal Tepextate 46.3% Santa María Zoquitlán,Koch Tepeztate 30mL,,19.0,20.0,PRICE CHANGE,
St Alma,Square,Drinks · Mezcal (30 mL),El Jolgorio Arroqueño 55% Miahuatlán,El Jolgorio Todos Santos Arroqueno (Neon Pink),,36.0,37.0,PRICE CHANGE,
St Alma,Square,Drinks · Mezcal (30 mL),El Jolgorio Arroqueño 52% Miahuatlán,El Jolgorio Arroqueno (Black Pink) 30mL,,55.0,56.0,PRICE CHANGE,
St Alma,Square,Drinks · Mezcal (30 mL),Koch El Mezcal Arroqueño 47.13% Río de Ejutla,Koch Arroqueno 30mL,,19.0,20.0,PRICE CHANGE,
St Alma,Square,Drinks · Mezcal (30 mL),El Jolgorio Cuishe 47%,El Jolgorio Cuishe (Purple) 30mL,,33.0,34.0,PRICE CHANGE,
St Alma,Square,Drinks · Mezcal (30 mL),El Jolgorio Madrecuishe 48%,El Jolgorio Madrecuishe (Pink) 30mL,,34.0,35.0,PRICE CHANGE,
St Alma,Square,Drinks · Mezcal (30 mL),"El Jolgorio Tobasiche 52% La Compañía, Ejutla",El Jolgorio Tobasiche (Black Brown) 30mL,,50.0,51.0,PRICE CHANGE,
St Alma,Square,Drinks · Mezcal (30 mL),El Jolgorio Sierrudo 50.5%,El Jolgorio Sierrudo (Black Green) 30mL,,44.0,45.0,PRICE CHANGE,
St Alma,Square,Drinks · Mezcal (30 mL),Lágrimas de Dolores 47% Cenizo,La Grimas de Delores 30mL,,21.0,22.0,PRICE CHANGE,
St Alma,Square,Drinks · Mezcal (30 mL),Mezcal Machetazo 45% Cupreata,Mezcal Machetazo 30mL,,15.0,16.0,PRICE CHANGE,
St Alma,Square,Drinks · Mezcal (30 mL),Bozal Jamón Ibérico 47%,Bozal Jamon Iberico 30mL,,48.0,49.0,PRICE CHANGE,
St Alma,Square,Drinks · Wine by the glass,2024 Moments of Clarity Riesling 150 mL,Moments of Clarity Riesling,150mL,15.0,16.0,PRICE CHANGE,
St Alma,Square,Drinks · Wine by the glass,2024 Moments of Clarity Riesling 250 mL,Moments of Clarity Riesling,250mL,25.0,26.0,PRICE CHANGE,
St Alma,Square,Drinks · Wine by the bottle,2024 Moments of Clarity Riesling bottle,Moments of Clarity Riesling,750mL,72.0,73.0,PRICE CHANGE,
St Alma,Square,Drinks · Wine by the glass,2024 Gotas de Mar Albariño 150 mL,Gotas de Mar Albarino,150ml,18.0,19.0,PRICE CHANGE,
St Alma,Square,Drinks · Wine by the glass,2024 Gotas de Mar Albariño 250 mL,Gotas de Mar Albarino,250ml,30.0,31.0,PRICE CHANGE,
St Alma,Square,Drinks · Wine by the bottle,2024 Gotas de Mar Albariño bottle,Gotas de Mar Albarino,750ml,85.0,86.0,PRICE CHANGE,
St Alma,Square,Drinks · Wine by the glass,2023 Gilbert Family Wines Sauvignon Blanc 150 mL,Gilbert Sauvignon Blanc,150ml,17.0,18.0,PRICE CHANGE,
St Alma,Square,Drinks · Wine by the glass,2023 Gilbert Family Wines Sauvignon Blanc 250 mL,Gilbert Sauvignon Blanc,250ml,28.0,29.0,PRICE CHANGE,
St Alma,Square,Drinks · Wine by the bottle,2023 Gilbert Family Wines Sauvignon Blanc bottle,Gilbert Sauvignon Blanc,750ml,83.0,84.0,PRICE CHANGE,
St Alma,Square,Drinks · Wine by the glass,2023 Shut The Gate 'For Freedom' Gewürztraminer 150 mL,Shut The Gate Gewurztraminer,150ml,16.0,17.0,PRICE CHANGE,
St Alma,Square,Drinks · Wine by the glass,2023 Shut The Gate 'For Freedom' Gewürztraminer 250 mL,Shut The Gate Gewurztraminer,250ml,26.0,27.0,PRICE CHANGE,
St Alma,Square,Drinks · Wine by the bottle,2023 Shut The Gate 'For Freedom' Gewürztraminer bottle,Shut The Gate Gewurztraminer,750ml,75.0,76.0,PRICE CHANGE,
St Alma,Square,Drinks · Wine by the glass,2024 Ingram Road Chardonnay 150 mL,Ingram Road Chardonnay,150ml,15.0,16.0,PRICE CHANGE,
St Alma,Square,Drinks · Wine by the glass,2024 Ingram Road Chardonnay 250 mL,Ingram Road Chardonnay,250ml,25.0,26.0,PRICE CHANGE,
St Alma,Square,Drinks · Wine by the bottle,2024 Ingram Road Chardonnay bottle,Ingram Road Chardonnay,750ml,72.0,73.0,PRICE CHANGE,
St Alma,Square,Drinks · Wine by the glass,2023 Domaine Oudin Chablis 150 mL,Domaine Oudin Chablis,150ml,34.0,35.0,PRICE CHANGE,
St Alma,Square,Drinks · Wine by the glass,2023 Domaine Oudin Chablis 250 mL,Domaine Oudin Chablis,250ml,56.0,57.0,PRICE CHANGE,
St Alma,Square,Drinks · Wine by the bottle,2023 Domaine Oudin Chablis bottle,Domaine Oudin Chablis,750ml,142.0,144.0,PRICE CHANGE,
St Alma,Square,Drinks · Wine by the glass,2024 Château Grand Village White (Sauv Blanc Semillon) 150 mL,Chateau Grand Village White,150mL,36.0,37.0,PRICE CHANGE,
St Alma,Square,Drinks · Wine by the glass,2024 Château Grand Village White (Sauv Blanc Semillon) 250 mL,Chateau Grand Village White,250mL,58.0,59.0,PRICE CHANGE,
St Alma,Square,Drinks · Wine by the bottle,2024 Château Grand Village White (Sauv Blanc Semillon) bottle,Chateau Grand Village White,750mL,150.0,152.0,PRICE CHANGE,
St Alma,Square,Drinks · Wine by the glass,2022 La Petite Mort 'Qvevri' Viognier Marsanne Roussanne 150 mL,La Petit Mort VMR,150mL,18.0,20.0,PRICE CHANGE,
St Alma,Square,Drinks · Wine by the glass,2022 La Petite Mort 'Qvevri' Viognier Marsanne Roussanne 250 mL,La Petit Mort VMR,250mL,30.0,33.0,PRICE CHANGE,
St Alma,Square,Drinks · Wine by the bottle,2022 La Petite Mort 'Qvevri' Viognier Marsanne Roussanne bottle,La Petit Mort VMR,750mL,92.0,93.0,PRICE CHANGE,
St Alma,Square,Drinks · Wine by the glass,NV Serenello Prosecco 150 mL pour,Serenello Prosecco,125ml,15.0,17.0,PRICE CHANGE,Square variation is labelled 125ml; PDF pour is 150 mL
St Alma,Square,Drinks · Wine by the bottle,NV Serenello Prosecco bottle,Serenello Prosecco,750ml,75.0,76.0,PRICE CHANGE,
St Alma,Square,Drinks · Wine by the glass,NV Taittinger Brut Réserve 150 mL,,,,34.0,NEW ITEM,not in Square
St Alma,Square,Drinks · Wine by the bottle,NV Taittinger Brut Réserve bottle,,,,162.0,NEW ITEM,not in Square
St Alma,Square,Drinks · Wine by the bottle,NV Taittinger Brut Réserve 375 mL,,,,96.0,NEW ITEM,not in Square
St Alma,Square,Drinks · Wine by the glass,2024 R. Paulazzo Rosé (Pinot Noir) 150 mL,R. Paulazzo Rose,150ml,15.0,16.0,PRICE CHANGE,
St Alma,Square,Drinks · Wine by the glass,2024 R. Paulazzo Rosé (Pinot Noir) 250 mL,R. Paulazzo Rose,250ml,25.0,26.0,PRICE CHANGE,
St Alma,Square,Drinks · Wine by the bottle,2024 R. Paulazzo Rosé (Pinot Noir) bottle,R. Paulazzo Rose,750ml,72.0,73.0,PRICE CHANGE,
St Alma,Square,Drinks · Wine by the glass,NV Domaine Gavoty Rosé 'Cigale' 150 mL,Domaine Gavoty Rose 'Cigale',150mL,17.0,18.0,PRICE CHANGE,
St Alma,Square,Drinks · Wine by the glass,NV Domaine Gavoty Rosé 'Cigale' 250 mL,Domaine Gavoty Rose 'Cigale',250mL,28.0,29.0,PRICE CHANGE,
St Alma,Square,Drinks · Wine by the bottle,NV Domaine Gavoty Rosé 'Cigale' bottle,Domaine Gavoty Rose 'Cigale',750mL,82.0,83.0,PRICE CHANGE,
St Alma,Square,Drinks · Wine by the glass,2024 Red Claw Pinot Noir 150 mL,Red Claw Pinot Noir,150ml,18.0,19.0,PRICE CHANGE,
St Alma,Square,Drinks · Wine by the glass,2024 Red Claw Pinot Noir 250 mL,Red Claw Pinot Noir,250ml,30.0,31.0,PRICE CHANGE,
St Alma,Square,Drinks · Wine by the bottle,2024 Red Claw Pinot Noir bottle,Red Claw Pinot Noir,750ml,85.0,86.0,PRICE CHANGE,
St Alma,Square,Drinks · Wine by the glass,2022 Capa Single Vineyard Tempranillo 150 mL,Capa Tempranillo,150ml,15.0,16.0,PRICE CHANGE,
St Alma,Square,Drinks · Wine by the glass,2022 Capa Single Vineyard Tempranillo 250 mL,Capa Tempranillo,250ml,25.0,26.0,PRICE CHANGE,
St Alma,Square,Drinks · Wine by the bottle,2022 Capa Single Vineyard Tempranillo bottle,Capa Tempranillo,750ml,72.0,73.0,PRICE CHANGE,
St Alma,Square,Drinks · Wine by the glass,2022 Villa Albergotti Chianti Superiore 150 mL,Villa Albergotti Chianti,150ml,17.0,18.0,PRICE CHANGE,
St Alma,Square,Drinks · Wine by the glass,2022 Villa Albergotti Chianti Superiore 250 mL,Villa Albergotti Chianti,250ml,28.0,29.0,PRICE CHANGE,
St Alma,Square,Drinks · Wine by the bottle,2022 Villa Albergotti Chianti Superiore bottle,Villa Albergotti Chianti,750ml,82.0,83.0,PRICE CHANGE,
St Alma,Square,Drinks · Wine by the glass,2024 Yangarra 'Circle' Shiraz 150 mL,Yangarra 'Circle' Shiraz,150ml,16.0,17.0,PRICE CHANGE,
St Alma,Square,Drinks · Wine by the glass,2024 Yangarra 'Circle' Shiraz 250 mL,Yangarra 'Circle' Shiraz,250ml,26.0,27.0,PRICE CHANGE,
St Alma,Square,Drinks · Wine by the bottle,2024 Yangarra 'Circle' Shiraz bottle,Yangarra 'Circle' Shiraz,750ml,75.0,76.0,PRICE CHANGE,
St Alma,Square,Drinks · Wine by the glass,2022 BenMarco 'Valle de Uco' Malbec 150 mL,BenMarco Malbec,150ml,20.0,21.0,PRICE CHANGE,
St Alma,Square,Drinks · Wine by the glass,2022 BenMarco 'Valle de Uco' Malbec 250 mL,BenMarco Malbec,250ml,32.0,33.0,PRICE CHANGE,
St Alma,Square,Drinks · Wine by the bottle,2022 BenMarco 'Valle de Uco' Malbec bottle,BenMarco Malbec,750ml,92.0,93.0,PRICE CHANGE,
St Alma,Square,Drinks · Wine by the glass,2022 Utopos Shiraz 150 mL,Utopos Shiraz,150ml,38.0,39.0,PRICE CHANGE,
St Alma,Square,Drinks · Wine by the glass,2022 Utopos Shiraz 250 mL,Utopos Shiraz,250ml,60.0,61.0,PRICE CHANGE,
St Alma,Square,Drinks · Wine by the bottle,2022 Utopos Shiraz bottle,Utopos Shiraz,750ml,150.0,152.0,PRICE CHANGE,
St Alma,Square,Drinks · Wine by the glass,2023 Bonnet & Cotton Beaujolais (Gamay) 150 mL,Bonnet & Cotton Beaujolais,150 mL,,29.0,NEW VARIATION,Square item is bottle-only; glass variation needed
St Alma,Square,Drinks · Wine by the glass,2023 Bonnet & Cotton Beaujolais (Gamay) 250 mL,Bonnet & Cotton Beaujolais,250 mL,,41.0,NEW VARIATION,Square item is bottle-only; glass variation needed
St Alma,Square,Drinks · Wine by the bottle,2023 Bonnet & Cotton Beaujolais (Gamay) bottle,Bonnet & Cotton Beaujolais,,128.0,130.0,PRICE CHANGE,
St Alma,Square,Drinks · Wine by the glass,2024 Vanguardist 'Field' GSM 150 mL,Vanguardist 'Field' GSM,150 mL,,25.0,NEW VARIATION,Square item is bottle-only; glass variation needed
St Alma,Square,Drinks · Wine by the glass,2024 Vanguardist 'Field' GSM 250 mL,Vanguardist 'Field' GSM,250 mL,,37.0,NEW VARIATION,Square item is bottle-only; glass variation needed
St Alma,Square,Drinks · Wine by the bottle,2024 Vanguardist 'Field' GSM bottle,Vanguardist 'Field' GSM,,99.0,100.0,PRICE CHANGE,
St Alma,Square,Drinks · Wine by the glass,2022 Louis Jadot Bourgogne Pinot Noir 150 mL,Louis Jadot Bourgogne,150 mL,,36.0,NEW VARIATION,Square item is bottle-only; glass variation needed
St Alma,Square,Drinks · Wine by the glass,2022 Louis Jadot Bourgogne Pinot Noir 250 mL,Louis Jadot Bourgogne,250 mL,,58.0,NEW VARIATION,Square item is bottle-only; glass variation needed
St Alma,Square,Drinks · Wine by the bottle,2022 Louis Jadot Bourgogne Pinot Noir bottle,Louis Jadot Bourgogne,,140.0,142.0,PRICE CHANGE,
St Alma,Square,Drinks · Wine by the glass,NV All Saints Estate 'Grand' Rutherglen Muscat 60 mL,,,,18.0,NEEDS REVIEW,"Square has one variation at $120 in ""Discontinued Wines"" with no size; cannot tell 375 mL vs 750 mL"
St Alma,Square,Drinks · Wine by the bottle,NV All Saints Estate 'Grand' Rutherglen Muscat 375 mL btl,,,,79.0,NEEDS REVIEW,as above
St Alma,Square,Drinks · Wine by the bottle,2018 Surco 2.7 Cabernet Sauvignon,Surco Cabernet Sauvignon,,100.0,101.0,PRICE CHANGE,
St Alma,Square,Drinks · Wine by the bottle,2019 Château Domecq,Chateau Domecq,,70.0,71.0,PRICE CHANGE,
St Alma,Square,Drinks · Wine by the bottle,NV Laurent-Perrier Cuvée Rosé,Laurent Perrier Brut Rose,,320.0,325.0,PRICE CHANGE,
St Alma,Square,Drinks · Wine by the bottle,NV Billecart-Salmon Brut Rosé,Billecart Salmon Rose,,285.0,290.0,PRICE CHANGE,
St Alma,Square,Drinks · Wine by the bottle,NV Pol Roger Brut Rosé,Pol Roger Brut Rose,,310.0,315.0,PRICE CHANGE,
St Alma,Square,Drinks · Wine by the bottle,2025 Grosset 'Polish Hill' Riesling,Grosset Polish Hill Riesling,,165.0,167.0,PRICE CHANGE,
St Alma,Square,Drinks · Wine by the bottle,2024 Frogmore Creek Riesling,Frogmore Creek Riesling,,92.0,93.0,PRICE CHANGE,
St Alma,Square,Drinks · Wine by the bottle,2024 Domaine Sparr 'Sentiment' Riesling,Domaine Sparr Riesling 'Sentiment',,128.0,130.0,PRICE CHANGE,
St Alma,Square,Drinks · Wine by the bottle,2021 Domaines Schlumberger 'Saering' Grand Cru Riesling,Domaines Schlumberger Riesling,,145.0,147.0,PRICE CHANGE,
St Alma,Square,Drinks · Wine by the bottle,2023 Weingut Hüls Riesling,Weingut Huls Riesling,,88.0,89.0,PRICE CHANGE,
St Alma,Square,Drinks · Wine by the bottle,2024 Loimer 'Lenz' Riesling,Loimer 'Lenz' Riesling,,96.0,97.0,PRICE CHANGE,
St Alma,Square,Drinks · Wine by the bottle,2023 Nick Spencer 'Tumbarumba' Grüner Veltliner,Nick Spencer Gruner Veltliner,,88.0,89.0,PRICE CHANGE,
St Alma,Square,Drinks · Wine by the bottle,2024 Poggio Anima 'Uriel' Grillo,Poggio Anima 'Uriel' Grillo,,72.0,73.0,PRICE CHANGE,
St Alma,Square,Drinks · Wine by the bottle,2024 i Lauri 'AVALOS' Pecorino,i Lauri Pecorino,,80.0,81.0,PRICE CHANGE,
St Alma,Square,Drinks · Wine by the bottle,2024 i Lauri 'TAVO' Pinot Grigio,i Lauro 'TAVO' Pinot Grigio,,74.0,75.0,PRICE CHANGE,
St Alma,Square,Drinks · Wine by the bottle,2024 Greystone Pinot Gris,Greystone Pinot Gris,,82.0,83.0,PRICE CHANGE,
St Alma,Square,Drinks · Wine by the bottle,2024 Inama Soave Classico,Inama Soave Classico,,90.0,91.0,PRICE CHANGE,
St Alma,Square,Drinks · Wine by the bottle,2025 Grosset 'Apiana' Fiano,Grosset 'Apiana' Fiano,,105.0,106.0,PRICE CHANGE,
St Alma,Square,Drinks · Wine by the bottle,2022 Loïc Mahé Savennières Chenin Blanc,Loic Mahe Chenin Blanc,,165.0,167.0,PRICE CHANGE,
St Alma,Square,Drinks · Wine by the bottle,2024 Badenhorst 'Secateurs' Chenin Blanc,Badenhorst 'Secateurs' Chenin Blanc,,94.0,95.0,PRICE CHANGE,
St Alma,Square,Drinks · Wine by the bottle,2020 Vandal 'Gonzo Militia' White Blend,Vandal Gonzo Militia (White),,70.0,71.0,PRICE CHANGE,
St Alma,Square,Drinks · Wine by the bottle,2024 Domaine Christian Salmon Sancerre,Domaine Christian Salmon Sancerre,,135.0,137.0,PRICE CHANGE,
St Alma,Square,Drinks · Wine by the bottle,2022 Domaine du Bouchot Pouilly Fumé,Domaine du Bouchot Puilly-Fume 'Terres Blanches',,190.0,192.0,PRICE CHANGE,
St Alma,Square,Drinks · Wine by the bottle,2024 Catalina Sounds 'Sound of White',Catalina Sounds Sauvignon Blanc,,76.0,77.0,PRICE CHANGE,
St Alma,Square,Drinks · Wine by the bottle,2024 Vinden 'Headcase' Semillon,Vinden 'Headcase' Semillon,,82.0,83.0,PRICE CHANGE,
St Alma,Square,Drinks · Wine by the bottle,2022 Eperosa 'Magnolia 1941' Semillon,Eperosa 'Magnolia 1941' Semillon,,108.0,109.0,PRICE CHANGE,
St Alma,Square,Drinks · Wine by the bottle,2023 Sabi Wabi 'Sugi' Semillon,Sabi Wabi Sugi Semillon,,76.0,77.0,PRICE CHANGE,
St Alma,Square,Drinks · Wine by the bottle,2022 Stéphane Brocard Chablis 1er Cru,Stephane Brocard Chablis 1er Cru,,195.0,197.0,PRICE CHANGE,
St Alma,Square,Drinks · Wine by the bottle,2022 Domaine Rougeot Meursault,Domaine Rougeot Mersault 'Sous la Velle',,435.0,440.0,PRICE CHANGE,
St Alma,Square,Drinks · Wine by the bottle,2023 Louis Jadot Pouilly Fuissé,Louis Jadot Pouilly-Fuisse,,225.0,230.0,PRICE CHANGE,
St Alma,Square,Drinks · Wine by the bottle,2024 Thorin 'Terres de Craie' Mâcon-Villages,Thorin Macon Villages,,90.0,91.0,PRICE CHANGE,
St Alma,Square,Drinks · Wine by the bottle,2024 Briar Ridge 'The Squire' Chardonnay,Briar Ridge 'The Squire' Chardonnay,,78.0,79.0,PRICE CHANGE,
St Alma,Square,Drinks · Wine by the bottle,2024 Giant Steps 'Sexton Vineyard' Chardonnay,Giant Steps Chardonnay,,180.0,182.0,PRICE CHANGE,
St Alma,Square,Drinks · Wine by the bottle,2024 Shaw & Smith 'M3' Chardonnay,Shaw & Smith M3 Chardonnay,,130.0,132.0,PRICE CHANGE,
St Alma,Square,Drinks · Wine by the bottle,2017 Giaconda 'Nantua Les Deux' Chardonnay,Giaconda 'Nantua Les Deux' Chardonnay,,210.0,215.0,PRICE CHANGE,
St Alma,Square,Drinks · Wine by the bottle,2021 Tolpuddle Chardonnay,Tolpuddle Chardonnay,,280.0,395.0,PRICE CHANGE,
St Alma,Square,Drinks · Wine by the bottle,2024 Mon Tout 'Heydays' Chardonnay,Mon Tout 'Heydays' Chardonnay,,70.0,71.0,PRICE CHANGE,
St Alma,Square,Drinks · Wine by the bottle,2023 Domaine Thomson 'Left Bank' Chardonnay,Domaine Thomson 'Left Bank' Chardonnay,,148.0,150.0,PRICE CHANGE,
St Alma,Square,Drinks · Wine by the bottle,2024 Te Mata 'Elston' Chardonnay,Te Mata 'Elston' Chardonnay,,130.0,132.0,PRICE CHANGE,
St Alma,Square,Drinks · Wine by the bottle,2023 Brave New Wine 'Pystopia',Brave New Wine 'Pystopia',,76.0,77.0,PRICE CHANGE,
St Alma,Square,Drinks · Wine by the bottle,2025 Trutta Pinot Gris,Trutta Pinot Gris,,82.0,83.0,PRICE CHANGE,
St Alma,Square,Drinks · Wine by the bottle,2025 Giant Steps Rosé (Pinot Noir),Giant Steps Rose,,80.0,81.0,PRICE CHANGE,
St Alma,Square,Drinks · Wine by the bottle,2024 AIX Rosé,Maison Saint AIX Rose,,85.0,91.0,PRICE CHANGE,
St Alma,Square,Drinks · Wine by the bottle,2021 Stéphane Brocard Gevrey-Chambertin,Stephane Brocard Gevrey-Chambertin,,320.0,325.0,PRICE CHANGE,
St Alma,Square,Drinks · Wine by the bottle,2019 Domaine Bouchard Corton Grand Cru,Domaine Bouchard Corton Grand Cru,,550.0,555.0,PRICE CHANGE,
St Alma,Square,Drinks · Wine by the bottle,2023 Haddow & Dineen 'Private Universe' Pinot Noir,Haddow & Dineen Pinot Noir,,135.0,137.0,PRICE CHANGE,
St Alma,Square,Drinks · Wine by the bottle,2023 Helen's Hill 'The Smuggler' Pinot Noir,Helen's Hill 'Smuggler' Pinot Noir,750ml,125.0,126.0,PRICE CHANGE,
St Alma,Square,Drinks · Wine by the bottle,2022 Novum Pinot Noir,Novum Pinot Noir,,120.0,121.0,PRICE CHANGE,
St Alma,Square,Drinks · Wine by the bottle,2024 Domaine Thomson 'Explorer' Pinot Noir,Domaine Thomson Explorer,750ml,88.0,89.0,PRICE CHANGE,
St Alma,Square,Drinks · Wine by the bottle,2020 Nielson Pinot Noir,Nielson Pinot Noir,,115.0,116.0,PRICE CHANGE,
St Alma,Square,Drinks · Wine by the bottle,2023 Domaine du Trapadis 'Esprit' Grenache,Domaine du Trapadis VDF Red 'Esprit',,85.0,86.0,PRICE CHANGE,
St Alma,Square,Drinks · Wine by the bottle,2021 Vandal Gonzo Combat Rouge,Vandal Gonzo Combat Rouge (Red),,70.0,71.0,PRICE CHANGE,
St Alma,Square,Drinks · Wine by the bottle,2024 A. Rodda Tempranillo,A. Rodda Tempranillo,,105.0,106.0,PRICE CHANGE,
St Alma,Square,Drinks · Wine by the bottle,2022 Mallaluka Nero d'Avola,Mallaluka Nero D'Avola,,75.0,76.0,PRICE CHANGE,
St Alma,Square,Drinks · Wine by the bottle,2023 Domaine du Trapadis 'Garrigues' Cairanne,Domaine du Trapadis Cairanne 'Garrigues' GSC,750mL,108.0,109.0,PRICE CHANGE,
St Alma,Square,Drinks · Wine by the bottle,2022 Ramos Pinto Duas Quintas Tinto,Ramos Pinto Duas Quintas Tinto,,95.0,96.0,PRICE CHANGE,
St Alma,Square,Drinks · Wine by the bottle,2019 Ca di Bruno Barbaresco,Ca di Bruno Barbaresco,,150.0,152.0,PRICE CHANGE,
St Alma,Square,Drinks · Wine by the bottle,2006 Sandrone le Vigne Barolo,Sandrone le Vigne Barolo,,650.0,660.0,PRICE CHANGE,
St Alma,Square,Drinks · Wine by the bottle,2023 Edmeades Zinfandel,Edmeades Zinfandel,,120.0,121.0,PRICE CHANGE,
St Alma,Square,Drinks · Wine by the bottle,2002 Wendouree Cabernet Sauvignon Malbec,Wendouree Cabernet Malbec,Regular,780.0,790.0,PRICE CHANGE,
St Alma,Square,Drinks · Wine by the bottle,2022 Jean-Luc Jamet Syrah 'Valine',Jean-Luc Jamet Syrah 'Valine',,188.0,190.0,PRICE CHANGE,
St Alma,Square,Drinks · Wine by the bottle,2017 Geoff Merrill 'Jacko's' Shiraz,Geoff Merrill 'Jacko's' Shiraz,750ml,80.0,89.0,PRICE CHANGE,
St Alma,Square,Drinks · Wine by the bottle,2010 Paxton 'Elizabeth Jean' Shiraz,Paxton 'Elizabeth Jean' Shiraz,,220.0,225.0,PRICE CHANGE,
St Alma,Square,Drinks · Wine by the bottle,2021 Smallfry 'Vinevale Estate' Shiraz,Smallfry 'Vinevale Estate' Shiraz,,96.0,97.0,PRICE CHANGE,
St Alma,Square,Drinks · Wine by the bottle,2022 Teusner 'Big Jim' Shiraz,Teusner 'Big Jim' Shiraz,,124.0,125.0,PRICE CHANGE,
St Alma,Square,Drinks · Wine by the bottle,2017 Teusner 'Righteous FG' Shiraz,Teusner 'Righteous FG' Shiraz,,395.0,400.0,PRICE CHANGE,
St Alma,Square,Drinks · Wine by the bottle,2017 Rockford Basket Press Shiraz,2017 Rockford Basket Press,,390.0,395.0,PRICE CHANGE,
St Alma,Square,Drinks · Wine by the bottle,2018 Rockford Basket Press Shiraz,2018 Rockford Basket Press,,470.0,475.0,PRICE CHANGE,
St Alma,Square,Drinks · Wine by the bottle,2022 La Violetta 'Up!' Shiraz,La Violetta 'Up!' Shiraz,,90.0,91.0,PRICE CHANGE,
St Alma,Square,Drinks · Wine by the bottle,2016 Geoff Merrill Reserve Cabernet,Geoff Merrill Reserve Cab Sauv,,115.0,116.0,PRICE CHANGE,
St Alma,Square,Drinks · Wine by the bottle,2023 Utopos Cabernet,Utopos Cabernet Sauvignon,,150.0,152.0,PRICE CHANGE,
St Alma,Square,Drinks · Wine by the bottle,2021 Cannonball Cabernet Sauvignon,Cannonball Cabernet Sauvignon,,105.0,106.0,PRICE CHANGE,
St Alma,Square,Drinks · Wine by the bottle,2022 Briar Ridge 'BDX',Briar Ridge 'BDX',Regular,82.0,83.0,PRICE CHANGE,
St Alma,Square,Drinks · Wine by the bottle,1998 Yalumba 'The Reserve',Yalumba 'The Reserve' Cab Shiraz,,395.0,400.0,PRICE CHANGE,
St Alma,Square,Drinks · Wine by the bottle,2022 Château Cru Godard Bordeaux,Chateau Cru Godard Bordeaux,,98.0,99.0,PRICE CHANGE,
St Alma,Square,Drinks · Wine by the bottle,2020 Château La Grave Figeac Saint-Émilion Grand Cru,Chateau La Grave Figeac Grand Cru,,210.0,215.0,PRICE CHANGE,
St Alma,Square,Drinks · Wine by the bottle,2023 Shaw & Smith Pinot Noir,,,,132.0,NEW ITEM,not in Square (only the M3 Chardonnay exists)
St Alma,Square,Drinks · Wine by the bottle,2023 Alain Jaume Châteauneuf du Pape,,,,265.0,NEW ITEM,not in Square
