venue,section,item (PDF),size,price,square item,square status,square old price
St Alma,Food · To start,Guacamole,,17.0,Guacamole,PRICE CHANGE,16.0
St Alma,Food · To start,Kingfish ceviche,,33.0,Kingfish Ceviche,PRICE CHANGE,32.0
St Alma,Food · To start,Prawn tostada,,23.0,Prawn Tostada,PRICE CHANGE,22.0
St Alma,Food · To start,Chicken tinga empanadas,,22.0,Chicken Tinga Empanadas,PRICE CHANGE,21.0
St Alma,Food · To start,Mushroom carnita empanadas,,22.0,Mushroom Empanadas,PRICE CHANGE,21.0
St Alma,Food · Tacos,Barramundi taco,,9.0,Barramundi Taco Battered,PRICE CHANGE,8.0
St Alma,Food · Tacos,Barramundi taco,,9.0,Barramundi Taco Grilled,PRICE CHANGE,8.0
St Alma,Food · Tacos,Beef birria taco,,9.0,Beef Birria Taco,PRICE CHANGE,8.0
St Alma,Food · Tacos,Nopal taco,,9.0,Nopal Taco,PRICE CHANGE,8.0
St Alma,Food · Tacos,Chorizo and potato taco,,9.0,Chorizo Taco,PRICE CHANGE,8.0
St Alma,Food · From the grill,Grilled snapper,,40.0,Snapper,PRICE CHANGE,39.0
St Alma,Food · From the grill,Roasted cabbage,,33.0,Cabbage,PRICE CHANGE,32.0
St Alma,Food · From the grill,Grilled octopus,,39.0,Octopus,PRICE CHANGE,38.0
St Alma,Food · From the grill,Roast chicken,,43.0,Roast Chicken,PRICE CHANGE,42.0
St Alma,Food · From the grill,Agave beef short rib,,49.0,Agave Beef Short Ribs,PRICE CHANGE,48.0
St Alma,Food · Sides,Polenta and Parmesan fries,,19.0,Polenta Parmesan Fries,PRICE CHANGE,18.0
St Alma,Food · Sides,Roasted baby beetroot,,20.0,Baby Beetroots,PRICE CHANGE,19.0
St Alma,Food · Sides,Green leaf salad,,17.0,Green Leaf Salad,PRICE CHANGE,16.0
St Alma,Food · Sides,Broccolini,,20.0,Broccolini,PRICE CHANGE,19.0
St Alma,Food · Sweet,Dairy free pavlova,,19.0,Pavlova,PRICE CHANGE,18.0
St Alma,Food · Sweet,Churros,,19.0,Churros,PRICE CHANGE,18.0
St Alma,Food · Trust our chef,Grazing (pp),,49.0,Grazing Menu,NO CHANGE,49.0
St Alma,Food · Trust our chef,Grazing (pp),,49.0,Grazing Menu,NO CHANGE,49.0
St Alma,Food · Trust our chef,Feasting (pp),,79.0,Feasting Menu,NO CHANGE,79.0
St Alma,Food · Trust our chef,Feasting (pp),,79.0,Feasting $79pp,NO CHANGE,79.0
St Alma,Food · Trust our chef,Agave pairing (pp),,45.0,,NEW ITEM,
St Alma,Drinks · Cocktails,Classic Margarita,,23.0,Classic Margarita,PRICE CHANGE,22.0
St Alma,Drinks · Cocktails,Jalapeño Margarita,,23.0,Jalapeno Margarita,PRICE CHANGE,22.0
St Alma,Drinks · Cocktails,Tommy's Margarita,,23.0,Tommy's Margarita,PRICE CHANGE,22.0
St Alma,Drinks · Cocktails,Pornstar Margarita,,23.0,Pornstar Margarita,PRICE CHANGE,22.0
St Alma,Drinks · Cocktails,Coconut Margarita,,23.0,Coconut Margarita,PRICE CHANGE,22.0
St Alma,Drinks · Cocktails,Mezcal Tommy's,,24.0,Mezcal Tommy's,PRICE CHANGE,23.0
St Alma,Drinks · Cocktails,Mezcalita,,24.0,Mezcalita,PRICE CHANGE,23.0
St Alma,Drinks · Cocktails,Classic Paloma,,23.0,Paloma,PRICE CHANGE,22.0
St Alma,Drinks · Cocktails,Rhubarb Grapefruit Paloma,,23.0,Rhubarb Grapefruit Paloma,PRICE CHANGE,20.0
St Alma,Drinks · Cocktails,"Beach, Please",,23.0,"Beach, Please",PRICE CHANGE,22.0
St Alma,Drinks · Cocktails,Pink Skies,,23.0,Pink Skies,PRICE CHANGE,22.0
St Alma,Drinks · Cocktails,Strawberry Habanero Sour,,23.0,Strawberry Habanero Sour,PRICE CHANGE,22.0
St Alma,Drinks · Cocktails,Ginger Spice,,23.0,Ginger Spice,PRICE CHANGE,22.0
St Alma,Drinks · Cocktails,Oaxacan Negroni,,25.0,Oaxacan Negroni,PRICE CHANGE,24.0
St Alma,Drinks · Cocktails,Oaxacan Negroni (no almond variant),,25.0,Oaxacan Negroni (No Almond),PRICE CHANGE,24.0
St Alma,Drinks · Cocktails,Don Elote,,25.0,Don Elote,PRICE CHANGE,24.0
St Alma,Drinks · Cocktails,Espresso Martini,,23.0,Espresso Martini,PRICE CHANGE,22.0
St Alma,Drinks · Cocktails,Paloma Carafe (serves three),,72.0,,NEW ITEM,
St Alma,Drinks · Cocktails,Manly Spirits Spritz (serves three),,72.0,,NEW ITEM,
St Alma,Drinks · Low & no,Mirasol,,20.0,Mirasol,PRICE CHANGE,19.0
St Alma,Drinks · Low & no,Aperol(ish) Spritz,,20.0,Aperol (ISH) Spritz,NO CHANGE,20.0
St Alma,Drinks · Low & no,Sensible Margarita,,18.0,SENSIBLE Margarita,NO CHANGE,18.0
St Alma,Drinks · Low & no,Mango and Grapefruit Fresca,,18.0,Mango Grapefruit Fresca,NO CHANGE,18.0
St Alma,Drinks · Low & no,Watermelon Spritz,,18.0,Watermelon SPRITZ,NO CHANGE,18.0
St Alma,Drinks · Low & no,Apple & Jalapeño Fresca,,18.0,Apple Jalapeno Fresca,NO CHANGE,18.0
St Alma,Drinks · Beer & cider,Corona 4.5%,,13.0,Corona Bottle,PRICE CHANGE,12.0
St Alma,Drinks · Beer & cider,Modelo Especial 4.4%,,15.0,Modelo Especial Bottle,NO CHANGE,15.0
St Alma,Drinks · Beer & cider,Balter Cerveza 4.0%,,13.0,Balter Cerveza,PRICE CHANGE,12.0
St Alma,Drinks · Beer & cider,Balter XPA 5.0%,,13.0,Balter XPA Can,PRICE CHANGE,14.0
St Alma,Drinks · Beer & cider,Batlow Cloudy Apple Cider 4.2%,,13.0,Batlow Cider Can,PRICE CHANGE,12.0
St Alma,Drinks · Beer & cider,Heaps Normal Quiet XPA <0.5%,,10.0,Heaps Normal XPA Can,NO CHANGE,10.0
St Alma,Drinks · Beer & cider,Heaps Normal Another Lager <0.5%,,10.0,Heaps Normal Lager Can,NO CHANGE,10.0
St Alma,Drinks · Tasting flights,Discover El Tequileño 1959,,46.0,Discover El Tequileno Flight,PRICE CHANGE,45.0
St Alma,Drinks · Tasting flights,The Founding Fathers of Tequila,,39.0,Founding Fathers Flight,PRICE CHANGE,38.0
St Alma,Drinks · Tasting flights,"Añejo, the Art of Ageing",,47.0,Anejo Aging Flight,PRICE CHANGE,46.0
St Alma,Drinks · Tasting flights,Espadín Mezcal,,33.0,Espadin Mezcal Flight,PRICE CHANGE,42.0
St Alma,Drinks · Tasting flights,"El Pandillo, Don Felipe Camarena",,49.0,El Pandillo Flight,NO CHANGE,49.0
St Alma,Drinks · Tasting flights,St Alma Selects,,42.0,St Alma Selects Flight,PRICE CHANGE,45.0
St Alma,Drinks · Tequila (30 mL),Alquimia Blanco,,23.0,Alquimia Blanco 30mL,PRICE CHANGE,22.0
St Alma,Drinks · Tequila (30 mL),Arette Blanco,,14.0,Arette Blanco 30mL,PRICE CHANGE,13.0
St Alma,Drinks · Tequila (30 mL),Arette Reposado,,16.0,Arette Reposado 30mL,PRICE CHANGE,15.0
St Alma,Drinks · Tequila (30 mL),Arette Suave Artesanal Blanco,,24.0,Arette Suave Blanco 30mL,PRICE CHANGE,23.0
St Alma,Drinks · Tequila (30 mL),ArteNOM 1579,,21.0,ArteNom 1579 30mL,PRICE CHANGE,20.0
St Alma,Drinks · Tequila (30 mL),G4 Blanco,,19.0,G4 Blanco 30mL,PRICE CHANGE,18.0
St Alma,Drinks · Tequila (30 mL),G4 Reposado,,22.0,G4 Reposado 30mL,PRICE CHANGE,21.0
St Alma,Drinks · Tequila (30 mL),G4 Añejo,,34.0,G4 Anejo,PRICE CHANGE,33.0
St Alma,Drinks · Tequila (30 mL),Terralta Blanco,,20.0,Terralta Blanco 30mL,PRICE CHANGE,19.0
St Alma,Drinks · Tequila (30 mL),Pasote Blanco,,25.0,Pasote Blanco 30mL,PRICE CHANGE,24.0
St Alma,Drinks · Tequila (30 mL),Volans Blanco,,20.0,Volans Blanco 30mL,PRICE CHANGE,19.0
St Alma,Drinks · Tequila (30 mL),Volans Extra Añejo,,37.0,Volans Extra Anejo 30mL,PRICE CHANGE,36.0
St Alma,Drinks · Tequila (30 mL),Calle 23 Blanco,,14.0,Calle 23 Blanco 30mL,PRICE CHANGE,13.0
St Alma,Drinks · Tequila (30 mL),Calle 23 Reposado,,16.0,Calle 23 Reposado 30mL,PRICE CHANGE,15.0
St Alma,Drinks · Tequila (30 mL),Cascahuín Blanco,,16.0,Cascahuin Blanco 30mL,PRICE CHANGE,14.0
St Alma,Drinks · Tequila (30 mL),Cascahuín Reposado,,19.0,Cascahuin Reposado 30mL,PRICE CHANGE,18.0
St Alma,Drinks · Tequila (30 mL),Cascahuín Añejo,,21.0,Cascahuin Anejo 30mL,PRICE CHANGE,20.0
St Alma,Drinks · Tequila (30 mL),Código 1530 Rosa Blanco,,24.0,Codigo 1530 Rosa Blanco 30mL,PRICE CHANGE,23.0
St Alma,Drinks · Tequila (30 mL),Don Julio Blanco,,21.0,Don Julio Blanco 30mL,PRICE CHANGE,20.0
St Alma,Drinks · Tequila (30 mL),Don Julio Reposado,,23.0,Don Julio Reposado 30mL,PRICE CHANGE,22.0
St Alma,Drinks · Tequila (30 mL),Don Julio Añejo,,26.0,Don Julio Anejo 30mL,PRICE CHANGE,25.0
St Alma,Drinks · Tequila (30 mL),Don Julio 1942,,39.0,Don Julio 1942 30mL,PRICE CHANGE,38.0
St Alma,Drinks · Tequila (30 mL),Ocho Plata,,22.0,Ocho Plata 30mL,PRICE CHANGE,17.0
St Alma,Drinks · Tequila (30 mL),Ocho Reposado,,23.0,Ocho Reposado 30mL,PRICE CHANGE,21.0
St Alma,Drinks · Tequila (30 mL),Ocho Añejo,,24.0,Ocho Anejo 30mL,PRICE CHANGE,23.0
St Alma,Drinks · Tequila (30 mL),Herradura Plata,,16.0,Herradura Plata 30mL,PRICE CHANGE,15.0
St Alma,Drinks · Tequila (30 mL),Herradura Reposado,,18.0,Herradura Reposado 30mL,PRICE CHANGE,17.0
St Alma,Drinks · Tequila (30 mL),Herradura Añejo,,20.0,Herradura Anejo 30mL,PRICE CHANGE,19.0
St Alma,Drinks · Tequila (30 mL),Herradura Ultra,,26.0,Herradura Ultra 30mL,PRICE CHANGE,25.0
St Alma,Drinks · Tequila (30 mL),Herradura Suprema Extra Añejo,,81.0,Herradura Suprema Extra Anejo 30mL,PRICE CHANGE,80.0
St Alma,Drinks · Tequila (30 mL),El Tesoro Blanco,,23.0,El Tesoro Blanco 30mL,PRICE CHANGE,22.0
St Alma,Drinks · Tequila (30 mL),El Tesoro Reposado,,24.0,El Tesoro Reposado 30mL,PRICE CHANGE,23.0
St Alma,Drinks · Tequila (30 mL),Tapatío Blanco,,21.0,Tapatio Blanco 30mL,PRICE CHANGE,20.0
St Alma,Drinks · Tequila (30 mL),Tapatío Reposado,,23.0,Tapatio Reposado 30mL,PRICE CHANGE,22.0
St Alma,Drinks · Tequila (30 mL),Fortaleza Blanco,,22.0,Fortaleza Blanco 30mL,PRICE CHANGE,21.0
St Alma,Drinks · Tequila (30 mL),Fortaleza Reposado,,25.0,Fortaleza Reposado 30mL,PRICE CHANGE,24.0
St Alma,Drinks · Tequila (30 mL),El Tequileño 1959 Platinum,,17.0,El Tequileno Platinum 30mL,PRICE CHANGE,16.0
St Alma,Drinks · Tequila (30 mL),El Tequileño 1959 Gran Reserva Reposado,,18.0,El Tequileno Reserva Reposado 30mL,PRICE CHANGE,17.0
St Alma,Drinks · Tequila (30 mL),El Tequileño 1959 Añejo,,26.0,El Tequileno Anejo 30mL,PRICE CHANGE,25.0
St Alma,Drinks · Tequila (30 mL),El Tequileño 1959 Reposado Rare,,50.0,El Tequileno Reposado Rare 30mL,PRICE CHANGE,49.0
St Alma,Drinks · Tequila (30 mL),Patrón Silver,,14.0,Patron Silver 30mL,PRICE CHANGE,13.0
St Alma,Drinks · Tequila (30 mL),Patrón Reposado,,16.0,Patron Reposado 30mL,PRICE CHANGE,15.0
St Alma,Drinks · Tequila (30 mL),Patrón Añejo,,18.0,Patron Anejo 30mL,PRICE CHANGE,17.0
St Alma,Drinks · Tequila (30 mL),Patrón El Cielo,,29.0,Patron El Cielo 30mL,PRICE CHANGE,28.0
St Alma,Drinks · Tequila (30 mL),Patrón XO Café,,19.0,Patron XO Café 30mL,PRICE CHANGE,18.0
St Alma,Drinks · Tequila (30 mL),Siete Leguas Blanco,,22.0,Siete Leguas Blanco 30mL,PRICE CHANGE,21.0
St Alma,Drinks · Tequila (30 mL),Tromba Reposado,,18.0,Tromba Reposado 30mL,PRICE CHANGE,15.0
St Alma,Drinks · Tequila (30 mL),Tromba Añejo,,21.0,Tromba Anejo 30mL,PRICE CHANGE,20.0
St Alma,Drinks · Tequila (30 mL),Tres Agaves,,15.0,Tres Agaves 30mL,PRICE CHANGE,14.0
St Alma,Drinks · Mezcal (30 mL),Aguas Mansas 45% Santiago Matatlán,,13.0,Aguas Mansas,PRICE CHANGE,12.0
St Alma,Drinks · Mezcal (30 mL),Mezcal Verde 42% Tlacolula,,15.0,Mezcal Verde 30mL,PRICE CHANGE,14.0
St Alma,Drinks · Mezcal (30 mL),El Jolgorio Espadín 47.8% San Luis del Río,,32.0,El Jolgorio Espadin (Green) 30mL,PRICE CHANGE,31.0
St Alma,Drinks · Mezcal (30 mL),El Jolgorio Pechuga 48% Santiago Matatlán,,55.0,El Jolgorio Pechuga (Yellow),PRICE CHANGE,54.0
St Alma,Drinks · Mezcal (30 mL),Nuestra Soledad 47% San Luis del Río,,18.0,Nuestra Soledad San Luis del Rio 30mL,PRICE CHANGE,17.0
St Alma,Drinks · Mezcal (30 mL),Nuestra Soledad 47% Santiago Matatlán,,17.0,Nuestra Soledad Santiago Matatlan 30mL,PRICE CHANGE,16.0
St Alma,Drinks · Mezcal (30 mL),"Nuestra Soledad 47% La Compañía, Ejutla",,18.0,Nuestra Soledad La Compania 30mL,PRICE CHANGE,17.0
St Alma,Drinks · Mezcal (30 mL),Nuestra Soledad 47% San Baltazar Guelavila,,18.0,Nuestra Soledad San Baltazar 30mL,PRICE CHANGE,17.0
St Alma,Drinks · Mezcal (30 mL),Nuestra Soledad 47% Lachigui Mihuatlán,,19.0,Nuestra Soledad Lachigui Mihuatlan 30mL,PRICE CHANGE,18.0
St Alma,Drinks · Mezcal (30 mL),Siete Misterios Doba Yej 44%,,16.0,Siete Misterios Doba Yej 30mL,PRICE CHANGE,15.0
St Alma,Drinks · Mezcal (30 mL),Koch El Mezcal Ancestral 47.12% Sola de Vega,,20.0,Koch Ancestral Espadin 30mL,PRICE CHANGE,19.0
St Alma,Drinks · Mezcal (30 mL),San Cosme Mezcal 40%,,15.0,San Cosme 30mL,PRICE CHANGE,14.0
St Alma,Drinks · Mezcal (30 mL),Madre Mezcal 40% Espadín,,16.0,Madre Mezcal Espadin 30mL,PRICE CHANGE,15.0
St Alma,Drinks · Mezcal (30 mL),Ilegal Joven 40%,,19.0,Ilegal Joven 30mL,PRICE CHANGE,18.0
St Alma,Drinks · Mezcal (30 mL),Ilegal Reposado 40%,,21.0,Ilegal Reposado 30mL,PRICE CHANGE,20.0
St Alma,Drinks · Mezcal (30 mL),Ilegal Añejo 40%,,29.0,Ilegal Anejo 30mL,PRICE CHANGE,28.0
St Alma,Drinks · Mezcal (30 mL),Gracias a Dios 45%,,19.0,Gracias a Dios 30mL,PRICE CHANGE,18.0
St Alma,Drinks · Mezcal (30 mL),Aprendiz 45% (Ensemble),,26.0,Aprendiz 30mL,PRICE CHANGE,25.0
St Alma,Drinks · Mezcal (30 mL),Madre Mezcal 45% Espadín & Cuishe (Ensemble),,18.0,Madre Mezcal Ensamble 30mL,PRICE CHANGE,17.0
St Alma,Drinks · Mezcal (30 mL),Bruxo No. 2 46%,,19.0,Bruxo No. 2 30mL,PRICE CHANGE,18.0
St Alma,Drinks · Mezcal (30 mL),Bruxo No. 4 46%,,19.0,Bruxo No. 4 30mL,PRICE CHANGE,18.0
St Alma,Drinks · Mezcal (30 mL),Bruxo X 40%,,16.0,Bruxo X 30mL,PRICE CHANGE,15.0
St Alma,Drinks · Mezcal (30 mL),"El Jolgorio Mexicano 47% La Compañía, Ejutla",,40.0,El Jolgorio Mexicano (Brown) 30mL,PRICE CHANGE,39.0
St Alma,Drinks · Mezcal (30 mL),Koch El Mezcal Mexicano 46.98% Río de Ejutla,,20.0,Koch Mexicano 30mL,PRICE CHANGE,19.0
St Alma,Drinks · Mezcal (30 mL),El Jolgorio Tepextate 48% San Luis del Río,,53.0,El Jolgorio Tepeztate (Blue) 30mL,PRICE CHANGE,52.0
St Alma,Drinks · Mezcal (30 mL),Koch El Mezcal Tepextate 46.3% Santa María Zoquitlán,,20.0,Koch Tepeztate 30mL,PRICE CHANGE,19.0
St Alma,Drinks · Mezcal (30 mL),El Jolgorio Arroqueño 55% Miahuatlán,,37.0,El Jolgorio Todos Santos Arroqueno (Neon Pink),PRICE CHANGE,36.0
St Alma,Drinks · Mezcal (30 mL),El Jolgorio Arroqueño 52% Miahuatlán,,56.0,El Jolgorio Arroqueno (Black Pink) 30mL,PRICE CHANGE,55.0
St Alma,Drinks · Mezcal (30 mL),Koch El Mezcal Arroqueño 47.13% Río de Ejutla,,20.0,Koch Arroqueno 30mL,PRICE CHANGE,19.0
St Alma,Drinks · Mezcal (30 mL),El Jolgorio Cuishe 47%,,34.0,El Jolgorio Cuishe (Purple) 30mL,PRICE CHANGE,33.0
St Alma,Drinks · Mezcal (30 mL),El Jolgorio Madrecuishe 48%,,35.0,El Jolgorio Madrecuishe (Pink) 30mL,PRICE CHANGE,34.0
St Alma,Drinks · Mezcal (30 mL),"El Jolgorio Tobasiche 52% La Compañía, Ejutla",,51.0,El Jolgorio Tobasiche (Black Brown) 30mL,PRICE CHANGE,50.0
St Alma,Drinks · Mezcal (30 mL),El Jolgorio Sierrudo 50.5%,,45.0,El Jolgorio Sierrudo (Black Green) 30mL,PRICE CHANGE,44.0
St Alma,Drinks · Mezcal (30 mL),Lágrimas de Dolores 47% Cenizo,,22.0,La Grimas de Delores 30mL,PRICE CHANGE,21.0
St Alma,Drinks · Mezcal (30 mL),Mezcal Machetazo 45% Cupreata,,16.0,Mezcal Machetazo 30mL,PRICE CHANGE,15.0
St Alma,Drinks · Mezcal (30 mL),Bozal Jamón Ibérico 47%,,49.0,Bozal Jamon Iberico 30mL,PRICE CHANGE,48.0
St Alma,Drinks · Wine by the glass,2024 Moments of Clarity Riesling 150 mL,150 mL,16.0,Moments of Clarity Riesling,PRICE CHANGE,15.0
St Alma,Drinks · Wine by the glass,2024 Moments of Clarity Riesling 250 mL,250 mL,26.0,Moments of Clarity Riesling,PRICE CHANGE,25.0
St Alma,Drinks · Wine by the bottle,2024 Moments of Clarity Riesling bottle,bottle,73.0,Moments of Clarity Riesling,PRICE CHANGE,72.0
St Alma,Drinks · Wine by the glass,2024 Gotas de Mar Albariño 150 mL,150 mL,19.0,Gotas de Mar Albarino,PRICE CHANGE,18.0
St Alma,Drinks · Wine by the glass,2024 Gotas de Mar Albariño 250 mL,250 mL,31.0,Gotas de Mar Albarino,PRICE CHANGE,30.0
St Alma,Drinks · Wine by the bottle,2024 Gotas de Mar Albariño bottle,bottle,86.0,Gotas de Mar Albarino,PRICE CHANGE,85.0
St Alma,Drinks · Wine by the glass,2023 Gilbert Family Wines Sauvignon Blanc 150 mL,150 mL,18.0,Gilbert Sauvignon Blanc,PRICE CHANGE,17.0
St Alma,Drinks · Wine by the glass,2023 Gilbert Family Wines Sauvignon Blanc 250 mL,250 mL,29.0,Gilbert Sauvignon Blanc,PRICE CHANGE,28.0
St Alma,Drinks · Wine by the bottle,2023 Gilbert Family Wines Sauvignon Blanc bottle,bottle,84.0,Gilbert Sauvignon Blanc,PRICE CHANGE,83.0
St Alma,Drinks · Wine by the glass,2023 Shut The Gate 'For Freedom' Gewürztraminer 150 mL,150 mL,17.0,Shut The Gate Gewurztraminer,PRICE CHANGE,16.0
St Alma,Drinks · Wine by the glass,2023 Shut The Gate 'For Freedom' Gewürztraminer 250 mL,250 mL,27.0,Shut The Gate Gewurztraminer,PRICE CHANGE,26.0
St Alma,Drinks · Wine by the bottle,2023 Shut The Gate 'For Freedom' Gewürztraminer bottle,bottle,76.0,Shut The Gate Gewurztraminer,PRICE CHANGE,75.0
St Alma,Drinks · Wine by the glass,2024 Ingram Road Chardonnay 150 mL,150 mL,16.0,Ingram Road Chardonnay,PRICE CHANGE,15.0
St Alma,Drinks · Wine by the glass,2024 Ingram Road Chardonnay 250 mL,250 mL,26.0,Ingram Road Chardonnay,PRICE CHANGE,25.0
St Alma,Drinks · Wine by the bottle,2024 Ingram Road Chardonnay bottle,bottle,73.0,Ingram Road Chardonnay,PRICE CHANGE,72.0
St Alma,Drinks · Wine by the glass,2023 Domaine Oudin Chablis 150 mL,150 mL,35.0,Domaine Oudin Chablis,PRICE CHANGE,34.0
St Alma,Drinks · Wine by the glass,2023 Domaine Oudin Chablis 250 mL,250 mL,57.0,Domaine Oudin Chablis,PRICE CHANGE,56.0
St Alma,Drinks · Wine by the bottle,2023 Domaine Oudin Chablis bottle,bottle,144.0,Domaine Oudin Chablis,PRICE CHANGE,142.0
St Alma,Drinks · Wine by the glass,2024 Château Grand Village White (Sauv Blanc Semillon) 150 mL,150 mL,37.0,Chateau Grand Village White,PRICE CHANGE,36.0
St Alma,Drinks · Wine by the glass,2024 Château Grand Village White (Sauv Blanc Semillon) 250 mL,250 mL,59.0,Chateau Grand Village White,PRICE CHANGE,58.0
St Alma,Drinks · Wine by the bottle,2024 Château Grand Village White (Sauv Blanc Semillon) bottle,bottle,152.0,Chateau Grand Village White,PRICE CHANGE,150.0
St Alma,Drinks · Wine by the glass,2022 La Petite Mort 'Qvevri' Viognier Marsanne Roussanne 150 mL,150 mL,20.0,La Petit Mort VMR,PRICE CHANGE,18.0
St Alma,Drinks · Wine by the glass,2022 La Petite Mort 'Qvevri' Viognier Marsanne Roussanne 250 mL,250 mL,33.0,La Petit Mort VMR,PRICE CHANGE,30.0
St Alma,Drinks · Wine by the bottle,2022 La Petite Mort 'Qvevri' Viognier Marsanne Roussanne bottle,bottle,93.0,La Petit Mort VMR,PRICE CHANGE,92.0
St Alma,Drinks · Wine by the glass,NV Serenello Prosecco 150 mL pour,150 mL,17.0,Serenello Prosecco,PRICE CHANGE,15.0
St Alma,Drinks · Wine by the bottle,NV Serenello Prosecco bottle,bottle,76.0,Serenello Prosecco,PRICE CHANGE,75.0
St Alma,Drinks · Wine by the glass,NV Taittinger Brut Réserve 150 mL,150 mL,34.0,,NEW ITEM,
St Alma,Drinks · Wine by the bottle,NV Taittinger Brut Réserve bottle,bottle,162.0,,NEW ITEM,
St Alma,Drinks · Wine by the bottle,NV Taittinger Brut Réserve 375 mL,375 mL,96.0,,NEW ITEM,
St Alma,Drinks · Wine by the glass,2024 R. Paulazzo Rosé (Pinot Noir) 150 mL,150 mL,16.0,R. Paulazzo Rose,PRICE CHANGE,15.0
St Alma,Drinks · Wine by the glass,2024 R. Paulazzo Rosé (Pinot Noir) 250 mL,250 mL,26.0,R. Paulazzo Rose,PRICE CHANGE,25.0
St Alma,Drinks · Wine by the bottle,2024 R. Paulazzo Rosé (Pinot Noir) bottle,bottle,73.0,R. Paulazzo Rose,PRICE CHANGE,72.0
St Alma,Drinks · Wine by the glass,NV Domaine Gavoty Rosé 'Cigale' 150 mL,150 mL,18.0,Domaine Gavoty Rose 'Cigale',PRICE CHANGE,17.0
St Alma,Drinks · Wine by the glass,NV Domaine Gavoty Rosé 'Cigale' 250 mL,250 mL,29.0,Domaine Gavoty Rose 'Cigale',PRICE CHANGE,28.0
St Alma,Drinks · Wine by the bottle,NV Domaine Gavoty Rosé 'Cigale' bottle,bottle,83.0,Domaine Gavoty Rose 'Cigale',PRICE CHANGE,82.0
St Alma,Drinks · Wine by the glass,2024 Red Claw Pinot Noir 150 mL,150 mL,19.0,Red Claw Pinot Noir,PRICE CHANGE,18.0
St Alma,Drinks · Wine by the glass,2024 Red Claw Pinot Noir 250 mL,250 mL,31.0,Red Claw Pinot Noir,PRICE CHANGE,30.0
St Alma,Drinks · Wine by the bottle,2024 Red Claw Pinot Noir bottle,bottle,86.0,Red Claw Pinot Noir,PRICE CHANGE,85.0
St Alma,Drinks · Wine by the glass,2022 Capa Single Vineyard Tempranillo 150 mL,150 mL,16.0,Capa Tempranillo,PRICE CHANGE,15.0
St Alma,Drinks · Wine by the glass,2022 Capa Single Vineyard Tempranillo 250 mL,250 mL,26.0,Capa Tempranillo,PRICE CHANGE,25.0
St Alma,Drinks · Wine by the bottle,2022 Capa Single Vineyard Tempranillo bottle,bottle,73.0,Capa Tempranillo,PRICE CHANGE,72.0
St Alma,Drinks · Wine by the glass,2022 Villa Albergotti Chianti Superiore 150 mL,150 mL,18.0,Villa Albergotti Chianti,PRICE CHANGE,17.0
St Alma,Drinks · Wine by the glass,2022 Villa Albergotti Chianti Superiore 250 mL,250 mL,29.0,Villa Albergotti Chianti,PRICE CHANGE,28.0
St Alma,Drinks · Wine by the bottle,2022 Villa Albergotti Chianti Superiore bottle,bottle,83.0,Villa Albergotti Chianti,PRICE CHANGE,82.0
St Alma,Drinks · Wine by the glass,2024 Yangarra 'Circle' Shiraz 150 mL,150 mL,17.0,Yangarra 'Circle' Shiraz,PRICE CHANGE,16.0
St Alma,Drinks · Wine by the glass,2024 Yangarra 'Circle' Shiraz 250 mL,250 mL,27.0,Yangarra 'Circle' Shiraz,PRICE CHANGE,26.0
St Alma,Drinks · Wine by the bottle,2024 Yangarra 'Circle' Shiraz bottle,bottle,76.0,Yangarra 'Circle' Shiraz,PRICE CHANGE,75.0
St Alma,Drinks · Wine by the glass,2022 BenMarco 'Valle de Uco' Malbec 150 mL,150 mL,21.0,BenMarco Malbec,PRICE CHANGE,20.0
St Alma,Drinks · Wine by the glass,2022 BenMarco 'Valle de Uco' Malbec 250 mL,250 mL,33.0,BenMarco Malbec,PRICE CHANGE,32.0
St Alma,Drinks · Wine by the bottle,2022 BenMarco 'Valle de Uco' Malbec bottle,bottle,93.0,BenMarco Malbec,PRICE CHANGE,92.0
St Alma,Drinks · Wine by the glass,2022 Utopos Shiraz 150 mL,150 mL,39.0,Utopos Shiraz,PRICE CHANGE,38.0
St Alma,Drinks · Wine by the glass,2022 Utopos Shiraz 250 mL,250 mL,61.0,Utopos Shiraz,PRICE CHANGE,60.0
St Alma,Drinks · Wine by the bottle,2022 Utopos Shiraz bottle,bottle,152.0,Utopos Shiraz,PRICE CHANGE,150.0
St Alma,Drinks · Wine by the glass,2023 Bonnet & Cotton Beaujolais (Gamay) 150 mL,150 mL,29.0,Bonnet & Cotton Beaujolais,NEW VARIATION,
St Alma,Drinks · Wine by the glass,2023 Bonnet & Cotton Beaujolais (Gamay) 250 mL,250 mL,41.0,Bonnet & Cotton Beaujolais,NEW VARIATION,
St Alma,Drinks · Wine by the bottle,2023 Bonnet & Cotton Beaujolais (Gamay) bottle,bottle,130.0,Bonnet & Cotton Beaujolais,PRICE CHANGE,128.0
St Alma,Drinks · Wine by the glass,2024 Vanguardist 'Field' GSM 150 mL,150 mL,25.0,Vanguardist 'Field' GSM,NEW VARIATION,
St Alma,Drinks · Wine by the glass,2024 Vanguardist 'Field' GSM 250 mL,250 mL,37.0,Vanguardist 'Field' GSM,NEW VARIATION,
St Alma,Drinks · Wine by the bottle,2024 Vanguardist 'Field' GSM bottle,bottle,100.0,Vanguardist 'Field' GSM,PRICE CHANGE,99.0
St Alma,Drinks · Wine by the glass,2022 Louis Jadot Bourgogne Pinot Noir 150 mL,150 mL,36.0,Louis Jadot Bourgogne,NEW VARIATION,
St Alma,Drinks · Wine by the glass,2022 Louis Jadot Bourgogne Pinot Noir 250 mL,250 mL,58.0,Louis Jadot Bourgogne,NEW VARIATION,
St Alma,Drinks · Wine by the bottle,2022 Louis Jadot Bourgogne Pinot Noir bottle,bottle,142.0,Louis Jadot Bourgogne,PRICE CHANGE,140.0
St Alma,Drinks · Wine by the glass,NV All Saints Estate 'Grand' Rutherglen Muscat 60 mL,60 mL,18.0,,NEEDS REVIEW,
St Alma,Drinks · Wine by the bottle,NV All Saints Estate 'Grand' Rutherglen Muscat 375 mL btl,375 mL,79.0,,NEEDS REVIEW,
St Alma,Drinks · Wine by the bottle,2018 Surco 2.7 Cabernet Sauvignon,bottle,101.0,Surco Cabernet Sauvignon,PRICE CHANGE,100.0
St Alma,Drinks · Wine by the bottle,2019 Château Domecq,bottle,71.0,Chateau Domecq,PRICE CHANGE,70.0
St Alma,Drinks · Wine by the bottle,NV Laurent-Perrier Cuvée Rosé,bottle,325.0,Laurent Perrier Brut Rose,PRICE CHANGE,320.0
St Alma,Drinks · Wine by the bottle,NV Billecart-Salmon Brut Rosé,bottle,290.0,Billecart Salmon Rose,PRICE CHANGE,285.0
St Alma,Drinks · Wine by the bottle,NV Pol Roger Brut Rosé,bottle,315.0,Pol Roger Brut Rose,PRICE CHANGE,310.0
St Alma,Drinks · Wine by the bottle,2025 Grosset 'Polish Hill' Riesling,bottle,167.0,Grosset Polish Hill Riesling,PRICE CHANGE,165.0
St Alma,Drinks · Wine by the bottle,2024 Frogmore Creek Riesling,bottle,93.0,Frogmore Creek Riesling,PRICE CHANGE,92.0
St Alma,Drinks · Wine by the bottle,2024 Domaine Sparr 'Sentiment' Riesling,bottle,130.0,Domaine Sparr Riesling 'Sentiment',PRICE CHANGE,128.0
St Alma,Drinks · Wine by the bottle,2021 Domaines Schlumberger 'Saering' Grand Cru Riesling,bottle,147.0,Domaines Schlumberger Riesling,PRICE CHANGE,145.0
St Alma,Drinks · Wine by the bottle,2023 Weingut Hüls Riesling,bottle,89.0,Weingut Huls Riesling,PRICE CHANGE,88.0
St Alma,Drinks · Wine by the bottle,2024 Loimer 'Lenz' Riesling,bottle,97.0,Loimer 'Lenz' Riesling,PRICE CHANGE,96.0
St Alma,Drinks · Wine by the bottle,2023 Nick Spencer 'Tumbarumba' Grüner Veltliner,bottle,89.0,Nick Spencer Gruner Veltliner,PRICE CHANGE,88.0
St Alma,Drinks · Wine by the bottle,2024 Poggio Anima 'Uriel' Grillo,bottle,73.0,Poggio Anima 'Uriel' Grillo,PRICE CHANGE,72.0
St Alma,Drinks · Wine by the bottle,2024 i Lauri 'AVALOS' Pecorino,bottle,81.0,i Lauri Pecorino,PRICE CHANGE,80.0
St Alma,Drinks · Wine by the bottle,2024 i Lauri 'TAVO' Pinot Grigio,bottle,75.0,i Lauro 'TAVO' Pinot Grigio,PRICE CHANGE,74.0
St Alma,Drinks · Wine by the bottle,2024 Greystone Pinot Gris,bottle,83.0,Greystone Pinot Gris,PRICE CHANGE,82.0
St Alma,Drinks · Wine by the bottle,2024 Inama Soave Classico,bottle,91.0,Inama Soave Classico,PRICE CHANGE,90.0
St Alma,Drinks · Wine by the bottle,2025 Grosset 'Apiana' Fiano,bottle,106.0,Grosset 'Apiana' Fiano,PRICE CHANGE,105.0
St Alma,Drinks · Wine by the bottle,2022 Loïc Mahé Savennières Chenin Blanc,bottle,167.0,Loic Mahe Chenin Blanc,PRICE CHANGE,165.0
St Alma,Drinks · Wine by the bottle,2024 Badenhorst 'Secateurs' Chenin Blanc,bottle,95.0,Badenhorst 'Secateurs' Chenin Blanc,PRICE CHANGE,94.0
St Alma,Drinks · Wine by the bottle,2020 Vandal 'Gonzo Militia' White Blend,bottle,71.0,Vandal Gonzo Militia (White),PRICE CHANGE,70.0
St Alma,Drinks · Wine by the bottle,2024 Domaine Christian Salmon Sancerre,bottle,137.0,Domaine Christian Salmon Sancerre,PRICE CHANGE,135.0
St Alma,Drinks · Wine by the bottle,2022 Domaine du Bouchot Pouilly Fumé,bottle,192.0,Domaine du Bouchot Puilly-Fume 'Terres Blanches',PRICE CHANGE,190.0
St Alma,Drinks · Wine by the bottle,2024 Catalina Sounds 'Sound of White',bottle,77.0,Catalina Sounds Sauvignon Blanc,PRICE CHANGE,76.0
St Alma,Drinks · Wine by the bottle,2024 Vinden 'Headcase' Semillon,bottle,83.0,Vinden 'Headcase' Semillon,PRICE CHANGE,82.0
St Alma,Drinks · Wine by the bottle,2022 Eperosa 'Magnolia 1941' Semillon,bottle,109.0,Eperosa 'Magnolia 1941' Semillon,PRICE CHANGE,108.0
St Alma,Drinks · Wine by the bottle,2023 Sabi Wabi 'Sugi' Semillon,bottle,77.0,Sabi Wabi Sugi Semillon,PRICE CHANGE,76.0
St Alma,Drinks · Wine by the bottle,2022 Stéphane Brocard Chablis 1er Cru,bottle,197.0,Stephane Brocard Chablis 1er Cru,PRICE CHANGE,195.0
St Alma,Drinks · Wine by the bottle,2022 Domaine Rougeot Meursault,bottle,440.0,Domaine Rougeot Mersault 'Sous la Velle',PRICE CHANGE,435.0
St Alma,Drinks · Wine by the bottle,2023 Louis Jadot Pouilly Fuissé,bottle,230.0,Louis Jadot Pouilly-Fuisse,PRICE CHANGE,225.0
St Alma,Drinks · Wine by the bottle,2024 Thorin 'Terres de Craie' Mâcon-Villages,bottle,91.0,Thorin Macon Villages,PRICE CHANGE,90.0
St Alma,Drinks · Wine by the bottle,2024 Briar Ridge 'The Squire' Chardonnay,bottle,79.0,Briar Ridge 'The Squire' Chardonnay,PRICE CHANGE,78.0
St Alma,Drinks · Wine by the bottle,2024 Giant Steps 'Sexton Vineyard' Chardonnay,bottle,182.0,Giant Steps Chardonnay,PRICE CHANGE,180.0
St Alma,Drinks · Wine by the bottle,2024 Shaw & Smith 'M3' Chardonnay,bottle,132.0,Shaw & Smith M3 Chardonnay,PRICE CHANGE,130.0
St Alma,Drinks · Wine by the bottle,2017 Giaconda 'Nantua Les Deux' Chardonnay,bottle,215.0,Giaconda 'Nantua Les Deux' Chardonnay,PRICE CHANGE,210.0
St Alma,Drinks · Wine by the bottle,2021 Tolpuddle Chardonnay,bottle,395.0,Tolpuddle Chardonnay,PRICE CHANGE,280.0
St Alma,Drinks · Wine by the bottle,2024 Mon Tout 'Heydays' Chardonnay,bottle,71.0,Mon Tout 'Heydays' Chardonnay,PRICE CHANGE,70.0
St Alma,Drinks · Wine by the bottle,2023 Domaine Thomson 'Left Bank' Chardonnay,bottle,150.0,Domaine Thomson 'Left Bank' Chardonnay,PRICE CHANGE,148.0
St Alma,Drinks · Wine by the bottle,2024 Te Mata 'Elston' Chardonnay,bottle,132.0,Te Mata 'Elston' Chardonnay,PRICE CHANGE,130.0
St Alma,Drinks · Wine by the bottle,2023 Brave New Wine 'Pystopia',bottle,77.0,Brave New Wine 'Pystopia',PRICE CHANGE,76.0
St Alma,Drinks · Wine by the bottle,2025 Trutta Pinot Gris,bottle,83.0,Trutta Pinot Gris,PRICE CHANGE,82.0
St Alma,Drinks · Wine by the bottle,2025 Giant Steps Rosé (Pinot Noir),bottle,81.0,Giant Steps Rose,PRICE CHANGE,80.0
St Alma,Drinks · Wine by the bottle,2024 AIX Rosé,bottle,91.0,Maison Saint AIX Rose,PRICE CHANGE,85.0
St Alma,Drinks · Wine by the bottle,2021 Stéphane Brocard Gevrey-Chambertin,bottle,325.0,Stephane Brocard Gevrey-Chambertin,PRICE CHANGE,320.0
St Alma,Drinks · Wine by the bottle,2019 Domaine Bouchard Corton Grand Cru,bottle,555.0,Domaine Bouchard Corton Grand Cru,PRICE CHANGE,550.0
St Alma,Drinks · Wine by the bottle,2023 Haddow & Dineen 'Private Universe' Pinot Noir,bottle,137.0,Haddow & Dineen Pinot Noir,PRICE CHANGE,135.0
St Alma,Drinks · Wine by the bottle,2023 Helen's Hill 'The Smuggler' Pinot Noir,bottle,126.0,Helen's Hill 'Smuggler' Pinot Noir,PRICE CHANGE,125.0
St Alma,Drinks · Wine by the bottle,2022 Novum Pinot Noir,bottle,121.0,Novum Pinot Noir,PRICE CHANGE,120.0
St Alma,Drinks · Wine by the bottle,2024 Domaine Thomson 'Explorer' Pinot Noir,bottle,89.0,Domaine Thomson Explorer,PRICE CHANGE,88.0
St Alma,Drinks · Wine by the bottle,2020 Nielson Pinot Noir,bottle,116.0,Nielson Pinot Noir,PRICE CHANGE,115.0
St Alma,Drinks · Wine by the bottle,2023 Domaine du Trapadis 'Esprit' Grenache,bottle,86.0,Domaine du Trapadis VDF Red 'Esprit',PRICE CHANGE,85.0
St Alma,Drinks · Wine by the bottle,2021 Vandal Gonzo Combat Rouge,bottle,71.0,Vandal Gonzo Combat Rouge (Red),PRICE CHANGE,70.0
St Alma,Drinks · Wine by the bottle,2024 A. Rodda Tempranillo,bottle,106.0,A. Rodda Tempranillo,PRICE CHANGE,105.0
St Alma,Drinks · Wine by the bottle,2022 Mallaluka Nero d'Avola,bottle,76.0,Mallaluka Nero D'Avola,PRICE CHANGE,75.0
St Alma,Drinks · Wine by the bottle,2023 Domaine du Trapadis 'Garrigues' Cairanne,bottle,109.0,Domaine du Trapadis Cairanne 'Garrigues' GSC,PRICE CHANGE,108.0
St Alma,Drinks · Wine by the bottle,2022 Ramos Pinto Duas Quintas Tinto,bottle,96.0,Ramos Pinto Duas Quintas Tinto,PRICE CHANGE,95.0
St Alma,Drinks · Wine by the bottle,2019 Ca di Bruno Barbaresco,bottle,152.0,Ca di Bruno Barbaresco,PRICE CHANGE,150.0
St Alma,Drinks · Wine by the bottle,2006 Sandrone le Vigne Barolo,bottle,660.0,Sandrone le Vigne Barolo,PRICE CHANGE,650.0
St Alma,Drinks · Wine by the bottle,2023 Edmeades Zinfandel,bottle,121.0,Edmeades Zinfandel,PRICE CHANGE,120.0
St Alma,Drinks · Wine by the bottle,2002 Wendouree Cabernet Sauvignon Malbec,bottle,790.0,Wendouree Cabernet Malbec,PRICE CHANGE,780.0
St Alma,Drinks · Wine by the bottle,2022 Jean-Luc Jamet Syrah 'Valine',bottle,190.0,Jean-Luc Jamet Syrah 'Valine',PRICE CHANGE,188.0
St Alma,Drinks · Wine by the bottle,2017 Geoff Merrill 'Jacko's' Shiraz,bottle,89.0,Geoff Merrill 'Jacko's' Shiraz,PRICE CHANGE,80.0
St Alma,Drinks · Wine by the bottle,2010 Paxton 'Elizabeth Jean' Shiraz,bottle,225.0,Paxton 'Elizabeth Jean' Shiraz,PRICE CHANGE,220.0
St Alma,Drinks · Wine by the bottle,2021 Smallfry 'Vinevale Estate' Shiraz,bottle,97.0,Smallfry 'Vinevale Estate' Shiraz,PRICE CHANGE,96.0
St Alma,Drinks · Wine by the bottle,2022 Teusner 'Big Jim' Shiraz,bottle,125.0,Teusner 'Big Jim' Shiraz,PRICE CHANGE,124.0
St Alma,Drinks · Wine by the bottle,2017 Teusner 'Righteous FG' Shiraz,bottle,400.0,Teusner 'Righteous FG' Shiraz,PRICE CHANGE,395.0
St Alma,Drinks · Wine by the bottle,2017 Rockford Basket Press Shiraz,bottle,395.0,2017 Rockford Basket Press,PRICE CHANGE,390.0
St Alma,Drinks · Wine by the bottle,2018 Rockford Basket Press Shiraz,bottle,475.0,2018 Rockford Basket Press,PRICE CHANGE,470.0
St Alma,Drinks · Wine by the bottle,2022 La Violetta 'Up!' Shiraz,bottle,91.0,La Violetta 'Up!' Shiraz,PRICE CHANGE,90.0
St Alma,Drinks · Wine by the bottle,2016 Geoff Merrill Reserve Cabernet,bottle,116.0,Geoff Merrill Reserve Cab Sauv,PRICE CHANGE,115.0
St Alma,Drinks · Wine by the bottle,2023 Utopos Cabernet,bottle,152.0,Utopos Cabernet Sauvignon,PRICE CHANGE,150.0
St Alma,Drinks · Wine by the bottle,2021 Cannonball Cabernet Sauvignon,bottle,106.0,Cannonball Cabernet Sauvignon,PRICE CHANGE,105.0
St Alma,Drinks · Wine by the bottle,2022 Briar Ridge 'BDX',bottle,83.0,Briar Ridge 'BDX',PRICE CHANGE,82.0
St Alma,Drinks · Wine by the bottle,1998 Yalumba 'The Reserve',bottle,400.0,Yalumba 'The Reserve' Cab Shiraz,PRICE CHANGE,395.0
St Alma,Drinks · Wine by the bottle,2022 Château Cru Godard Bordeaux,bottle,99.0,Chateau Cru Godard Bordeaux,PRICE CHANGE,98.0
St Alma,Drinks · Wine by the bottle,2020 Château La Grave Figeac Saint-Émilion Grand Cru,bottle,215.0,Chateau La Grave Figeac Grand Cru,PRICE CHANGE,210.0
St Alma,Drinks · Wine by the bottle,2023 Shaw & Smith Pinot Noir,bottle,132.0,,NEW ITEM,
St Alma,Drinks · Wine by the bottle,2023 Alain Jaume Châteauneuf du Pape,bottle,265.0,,NEW ITEM,
